assessment_id,control_id,service_scope,population_and_sample,review_period,intended_state_status,implementation_status,implementation_evidence_ref,operating_effectiveness_status,operating_evidence_ref,observed_at,reviewer_role,evidence_limits,exception_status,exception_owner_role,exception_expiry,next_action,action_owner_role,next_review_date,fictional
,VCIT-001,,,,,,,,,,,,,,,,,,
,VCIT-002,,,,,,,,,,,,,,,,,,
,VCIT-003,,,,,,,,,,,,,,,,,,
,VCIT-004,,,,,,,,,,,,,,,,,,
,VCIT-005,,,,,,,,,,,,,,,,,,
,VCIT-006,,,,,,,,,,,,,,,,,,
,VCIT-007,,,,,,,,,,,,,,,,,,
,VCIT-008,,,,,,,,,,,,,,,,,,
,VCIT-009,,,,,,,,,,,,,,,,,,
,VCIT-010,,,,,,,,,,,,,,,,,,
,VCIT-011,,,,,,,,,,,,,,,,,,
,VCIT-012,,,,,,,,,,,,,,,,,,
,VCIT-013,,,,,,,,,,,,,,,,,,
,VCIT-014,,,,,,,,,,,,,,,,,,
,VCIT-015,,,,,,,,,,,,,,,,,,
,VCIT-016,,,,,,,,,,,,,,,,,,
,VCIT-017,,,,,,,,,,,,,,,,,,
,VCIT-018,,,,,,,,,,,,,,,,,,
,VCIT-019,,,,,,,,,,,,,,,,,,
,VCIT-020,,,,,,,,,,,,,,,,,,
,VCIT-021,,,,,,,,,,,,,,,,,,
,VCIT-022,,,,,,,,,,,,,,,,,,
,VCIT-023,,,,,,,,,,,,,,,,,,
,VCIT-024,,,,,,,,,,,,,,,,,,
,VCIT-025,,,,,,,,,,,,,,,,,,
,VCIT-026,,,,,,,,,,,,,,,,,,
,VCIT-027,,,,,,,,,,,,,,,,,,
,VCIT-028,,,,,,,,,,,,,,,,,,
,VCIT-029,,,,,,,,,,,,,,,,,,
,VCIT-030,,,,,,,,,,,,,,,,,,
,VCIT-031,,,,,,,,,,,,,,,,,,
,VCIT-032,,,,,,,,,,,,,,,,,,
,VCIT-033,,,,,,,,,,,,,,,,,,
,VCIT-034,,,,,,,,,,,,,,,,,,
,VCIT-035,,,,,,,,,,,,,,,,,,
,VCIT-036,,,,,,,,,,,,,,,,,,
