control_id,title,domain,business_outcome,business_scenario,proposed_intended_state,accountable_role,operator_role,implementation_test,implementation_evidence,operating_effectiveness_test,operating_evidence,coverage_function,secondary_functions,suggested_cadence_or_trigger,failure_action,environment_decisions,primary_reference_url,related_resource,source_reviewed_on
VCIT-001,Decisions have an accountable owner,Governance,Security decisions can be made during ordinary work and an incident.,The MSP can administer a service but no firm employee can accept its residual risk.,Each critical service has a business owner; technical operator; risk approver; alternate; and escalation route.,COO or designated executive sponsor,IT service owner,Inspect the responsibility record and delegated authority for critical services.,Approved ownership matrix and service scope.,Tabletop an urgent access exception with the usual approver unavailable; trace who recommends; approves; acts; and verifies.,Dated decision exercise with unresolved authority gaps.,GOVERN,RESPOND,Suggested quarterly ownership review; immediately after an operator or executive transition.,Assign an interim accountable owner and restrict decisions that lack authority until resolved.,Define legal entities; fund versus management-company scope; outsourced duties; and decision limits.,https://www.nist.gov/publications/nist-cybersecurity-framework-csf-20,../../documentation/cyber-risk/risk-assessment-and-treatment.md,2026-09-17
VCIT-002,Critical services and dependencies are known,Asset and service inventory,A deal or finance process can be traced to the systems and people that support it.,A partner cannot access the data room because an undocumented identity or DNS dependency failed.,The inventory links critical business workflows to services; devices; identity; domains; data; operators; and external dependencies.,IT service owner,IT operations,Reconcile the inventory against approved device; SaaS; domain; and service records.,Versioned inventory with owners and explicit coverage limits.,Walk a representative workflow and identify one dependency discovered outside the inventory; resolve or document the difference.,Workflow trace and reconciliation decisions.,IDENTIFY,RECOVER,Suggested monthly reconciliation; on a new fund process; new platform; or office change.,Add the missing dependency; name an owner; and reassess its access; monitoring; and recovery requirements.,Define which services are critical and what constitutes a complete inventory.,https://www.cisecurity.org/controls/inventory-and-control-of-enterprise-assets,../../library/templates/service-catalog.csv,2026-09-17
VCIT-003,Cyber risks describe a business consequence,Risk assessment,Investment and operations leaders can prioritize an evidenced loss scenario.,A configuration score improves while an untested recovery path still threatens a closing deadline.,Material risks state a scenario; consequence; uncertainty; current controls; treatment owner; and verification condition.,Executive risk owner,Security or IT lead,Inspect the risk register for scope; evidence references; treatment decisions; and review dates.,Current risk register and approved prioritization method.,Trace one open treatment from observation to decision and retest; confirm a planned fix was not recorded as reduced residual risk.,Treatment trace and reviewer conclusion.,IDENTIFY,GOVERN,Suggested quarterly review; after incidents; acquisitions; major integrations; or significant control failure.,Restore the unresolved risk to decision visibility; obtain missing evidence; and assign the next action.,Agree impact language; decision authority; uncertainty handling; and business priorities.,https://www.nist.gov/publications/nist-cybersecurity-framework-csf-20,../../documentation/cyber-risk/risk-assessment-and-treatment.md,2026-09-17
VCIT-004,Exceptions expire and stay visible,Exceptions,A temporary workaround does not silently become the operating standard.,An excluded administrator remains outside the access policy after the original compatibility issue is fixed.,Each exception identifies scope; reason; residual exposure; accountable approver; compensating protection; expiry; and retest.,Business risk owner,Control owner,Inspect active and expired exception records against actual excluded populations.,Exception register and effective exclusion inventory.,Select an expired exception and trace renewal or removal; verify the compensating protection independently of the approval.,Expiry follow-through and compensating-control test.,GOVERN,PROTECT,Suggested monthly expiry review; on scope changes or failed compensating controls.,Escalate unapproved or expired exceptions; contain the exposed scope where authorized; retain the underlying gap.,Agree approval levels and acceptable exception durations based on the scenario.,https://www.nist.gov/publications/nist-cybersecurity-framework-csf-20,../../baselines/rollout-and-exceptions.md,2026-09-17
VCIT-005,Strong authentication covers the actual access paths,Identity,Stolen passwords alone do not grant the intended sensitive access.,An investment user has a passkey but an older client still authenticates through a weaker path.,The approved workforce and privileged access populations use enforced strong authentication; phishing-resistant methods are prioritized with tested recovery.,Identity service owner,Identity administrator,Inspect effective policies; methods; exclusions; enrollment; legacy paths; and licenses.,Scoped configuration record and population reconciliation.,Use synthetic accounts to test permitted sign-in; a disallowed weaker path; and recovery without bypassing normal authorization.,Timestamped allowed/denied and recovery results for selected clients.,PROTECT,DETECT,Suggested monthly coverage review; after identity; client; or method changes.,Close uncovered paths or record a time-bounded treatment with protective alternatives and business-owner visibility.,Define method requirements; supported clients; enrollment; emergency access; and exceptions.,https://www.cisa.gov/audiences/small-and-medium-businesses/secure-your-business/require-multifactor-authentication,../../baselines/README.md,2026-09-17
VCIT-006,Privilege follows the task,Identity,A routine mistake or compromised daily account has limited administrative reach.,The same everyday mailbox account can change firm-wide security controls.,Privileged work uses accountable identities and the minimum reviewed roles; routine work avoids privileged sessions.,Identity service owner,Identity administrator,Inspect privileged role assignments; separate admin identities; and activation or elevation rules where supported.,Role-to-task map; assignment export reference; and exception list.,Perform a selected admin task with its intended role; confirm the ordinary account cannot perform it; inspect the activity record.,Positive and negative task tests plus role-use evidence.,PROTECT,GOVERN,Suggested quarterly role recertification; on staff; provider; or responsibility changes.,Remove unjustified privilege through reviewed change; investigate unexplained role grants.,Define who approves and verifies roles; needed standing privileges; and emergency access.,https://www.cisecurity.org/controls/account-management,../../documentation/policies/identity-and-access.md,2026-09-17
VCIT-007,People changes reach every access owner,Identity lifecycle,Joiners; movers; leavers; and temporary staff receive the intended access only.,A departed contractor loses SSO but retains a direct login; API token; or shared data-room permission.,Authoritative people events trigger scoped grant; change; revocation; ownership transfer; and preservation tasks across connected and standalone services.,People operations owner with IT service owner,Service desk and application owners,Inspect event triggers; target-service coverage; task ownership; and completion evidence requirements.,Lifecycle workflow; access register; and service coverage map.,Trace a synthetic leaver and a role change through direct logins; sessions; tokens; groups; delegated rights; and retained records.,Per-service verification; timestamps; and unresolved targets.,PROTECT,IDENTIFY,At each lifecycle event; suggested quarterly coverage exercise.,Revoke missed access using approved procedures; investigate use after departure; repair the event-to-service gap.,Define event authority; timing by risk; records preservation; and exceptions for legal holds.,https://www.cisecurity.org/controls/access-control-management,../../documentation/policies/identity-and-access.md,2026-09-17
VCIT-008,Administrator recovery survives a primary-path failure,Identity recovery,The firm can regain administration without relying on the failed identity path.,The IdP or an administrator device is unavailable during an urgent service recovery.,Vendor-appropriate recovery identities; credentials; custodians; monitoring; and access paths are documented and tested.,Identity service owner,Authorized recovery custodians,Inspect the provider-specific recovery design without copying recovery secrets into the review.,Custody and dependency record; recovery configuration reference.,Run an approved exercise simulating loss of the usual sign-in route; verify access and monitoring from the alternate path.,Exercise outcome; alert receipt; and observed dependencies.,RECOVER,PROTECT|DETECT,Suggested quarterly exercise; after custodian; credential; licensing; or identity-policy changes.,Restore a working recovery route before widening restrictive access changes; escalate single-person dependencies.,Google and Microsoft emergency designs differ; choose the supported design for each provider.,https://www.nist.gov/publications/nist-cybersecurity-framework-csf-20,../../baselines/README.md,2026-09-17
VCIT-009,Automation identities have limits and an exit,Service identities,A workflow credential cannot outlive its purpose or operate beyond approved data and actions.,A retired integration retains broad mail or document permissions.,Each nonhuman identity has an owner; approved purpose; scoped permissions; credential protection; usage evidence; and revocation procedure.,Application service owner,Integration operator,Inspect the identity inventory; granted permissions; credential storage; and end-of-use trigger.,Permission and ownership review plus credential-management design.,Test a synthetic workflow action and a denied out-of-scope action; revoke its test credential and prove access ends.,Action; denial; and revocation results without secrets.,PROTECT,IDENTIFY,Suggested quarterly recertification; at integration change or retirement.,Disable unnecessary access through approved change; rotate exposed credentials; identify dependent jobs before removal.,Choose workload identity where supported; define scopes; expiry; and emergency maintenance ownership.,https://www.cisecurity.org/controls/account-management,../../baselines/README.md,2026-09-17
VCIT-010,Endpoint policy reaches the working device,Devices,A lost or unhealthy device does not expose intended confidential work.,The management console shows a policy but a traveling laptop never received it.,Supported platforms have a reviewed baseline for enrollment; encryption; lock; updates; local privilege; and lost-device response with observable coverage.,Endpoint service owner,Endpoint administrator,Compare policy assignments and device inventory; inspect unsupported or stale-reporting devices.,Platform baseline; assignment coverage; and exception evidence.,On representative test devices verify the intended settings and a relevant access restriction; exercise lost-device reporting with synthetic data.,Device-state observations and response exercise results.,PROTECT,DETECT,Suggested monthly coverage review; after platform; management; or access-policy changes.,Contain uncovered devices according to the approved access plan; recover the user; repair enrollment or policy delivery.,Define supported platforms; reporting freshness; BYOD boundaries; and recovery steps.,https://www.cisecurity.org/controls/secure-configuration-of-enterprise-assets-and-software,../../baselines/README.md,2026-09-17
VCIT-011,Vulnerability work follows exposure and exploitation,Vulnerability management,Known exploit paths do not remain open while low-impact updates consume the queue.,An exposed service with known exploitation is delayed behind routine desktop updates.,Remediation decisions consider known exploitation; exposure; affected data; business criticality; vendor mitigation; and verified closure.,Security or IT lead,Platform owner,Reconcile affected versions and exposure against advisories and the current KEV catalog; inspect decision ownership.,Affected-asset inventory; prioritization rationale; and treatment record.,Retest a selected issue after the change using an approved non-disruptive method; confirm the vulnerable path or version is no longer exposed.,Before/after validation and remaining limitations.,PROTECT,IDENTIFY,At advisory or exposure changes; suggested weekly queue review appropriate to the environment.,Escalate material untreated exposure; apply reviewed mitigation or isolation; verify the result.,Set remediation targets based on the actual scenario; CISA federal deadlines are not automatically every firm’s deadline.,https://www.cisa.gov/known-exploited-vulnerabilities-catalog,../../documentation/cyber-risk/risk-assessment-and-treatment.md,2026-09-17
VCIT-012,Endpoint detections produce an owned response,Endpoint detection,A suspicious endpoint event reaches someone who can act.,Protection software is installed but a serious alert routes to an unmonitored mailbox.,Endpoint coverage; signal health; alert routing; escalation; and containment authority are known and exercised.,Security operations owner,Internal or contracted monitoring team,Inspect sensor coverage and health; alert ownership; and containment permissions.,Coverage record; routing configuration; and response responsibility.,Generate an approved harmless vendor test event on an isolated device; trace detection to triage and a simulated containment decision.,Event timeline; acknowledged ticket; and response decision.,DETECT,RESPOND,Suggested monthly health/routing review; after provider or policy changes.,Restore signal and response coverage; investigate the period of missing visibility and affected devices.,Agree support hours; severity routing; permitted tests; and who authorizes containment.,https://www.cisecurity.org/controls/malware-defenses,../../documentation/cyber-risk/incident-response-record.md,2026-09-17
VCIT-013,SaaS permissions match the approved use,SaaS,An approved product does not automatically receive all available tenant permissions.,A scheduling add-on receives tenant-wide mail access despite needing only a narrow calendar function.,Approval names the workspace; users; data; OAuth/application permissions; sharing settings; and action scope.,Application business owner,SaaS administrator,Compare granted permissions and workspace settings to the recorded use-case approval.,Consent record; effective grants; and change history reference.,Exercise the approved workflow with synthetic data; verify a prohibited resource or action is denied and access can be revoked.,Allowed/denied action and revocation tests.,PROTECT,GOVERN,At onboarding or material capability change; suggested quarterly high-access review.,Reduce unjustified permission or pause the affected capability while the owner resolves the need.,Define permitted data; integrations; support access; and tier-specific controls.,https://www.cisecurity.org/controls/access-control-management,../../documentation/procedures/software-request-and-approval.md,2026-09-17
VCIT-014,Unregistered software gets a decision,SaaS inventory,Shadow tools become a reviewed business decision before confidential information accumulates.,A paid AI or data-room tool appears in expense records but has no owner or offboarding path.,Authorized discovery sources are reconciled with the application register; unexplained tools receive an owner and a risk decision.,IT service owner,IT operations and procurement,Inspect inventory coverage across identity; approved spend; endpoint software; and application requests.,Reconciliation method and unresolved-tool queue.,Trace a fictional unregistered application from discovery to owner; permission review; and retain/remove decision.,Case record and verified follow-through.,IDENTIFY,GOVERN,Suggested monthly reconciliation; at renewal or new integration request.,Determine data/access exposure; apply a proportionate interim boundary; close the ownership and approval gap.,Use authorized discovery sources; do not inspect personal accounts beyond the approved scope.,https://www.cisecurity.org/controls/inventory-and-control-of-software-assets,../../library/templates/service-catalog.csv,2026-09-17
VCIT-015,External collaboration has a defined audience,Data sharing,Diligence and investor materials reach intended collaborators and can be withdrawn.,A deal folder stays accessible to outside participants after the process ends.,Sensitive workspaces have owners; authenticated sharing; reviewed memberships; expiry/review triggers; and resource-level revocation.,Data or deal-workspace owner,Collaboration administrator,Inspect effective site/drive/item permissions and the approved external audience.,Sharing design; membership review; and item-level exception record.,Use synthetic documents to test an intended recipient; an excluded identity; and a removed collaborator after revocation.,Allow/deny/revoke evidence with inheritance limitations.,PROTECT,DETECT,At deal or collaboration closure; suggested periodic review based on data sensitivity.,Remove unintended grants through approved change; assess exposure; verify denied access and downstream copies.,Define internal; fund; portfolio; adviser; and investor audiences separately.,https://www.cisecurity.org/controls/data-protection,../../baselines/README.md,2026-09-17
VCIT-016,Data handling follows sensitivity and purpose,Data governance,People can choose a suitable destination and avoid unnecessary copies.,A confidential investment memo is copied into an unapproved personal workspace or AI prompt.,Data categories map to approved storage; sharing; transfer; AI use; and minimization rules that staff can apply.,Data governance owner,Data owners and IT operations,Inspect classification examples and service/data permission boundaries.,Approved handling matrix and labeled fictional examples.,Give staff representative synthetic cases; verify destination; sharing; and redaction choices match the intended policy.,Scenario decisions; misunderstandings; and corrected guidance.,PROTECT,GOVERN,At onboarding; new data use; or policy change; suggested annual scenario refresh.,Stop an unsuitable transfer; assess any disclosure; improve the decision guidance and permitted alternative.,Define confidential categories; authorized destinations; and who approves exceptions.,https://www.cisecurity.org/controls/data-protection,../../documentation/policies/data-classification-and-handling.md,2026-09-17
VCIT-017,Secrets do not travel with reusable artifacts,Secrets,A repository; workflow; notebook; or support log can be shared without credential access.,An exported n8n flow or troubleshooting transcript contains a live token.,Credentials are injected through approved secret storage; artifacts and logs exclude secret values; exposure has a revocation path.,Application service owner,Developer or automation operator,Inspect secret references; deployment handling; and export/log redaction design.,Secret-handling design and reviewed sanitized artifact.,Use a harmless synthetic marker to exercise detection/redaction; rehearse revocation and dependency recovery without exposing a real secret.,Marker test and credential-response exercise.,PROTECT,RESPOND,Before artifact sharing or deployment; after credential or logging changes.,Restrict the artifact; revoke any actually exposed credential; identify copies and dependent services; retest.,Define approved stores; log access; detector limitations; and emergency rotation ownership.,https://www.cisecurity.org/controls/data-protection,../../documentation/automation-handover-template.md,2026-09-17
VCIT-018,Retention and disposal have a records decision,Records,Needed records remain available and unnecessary copies can be removed deliberately.,A license removal or automated retention change purges records that still have a preservation need.,An authorized records owner approves scope; duration; holds; deletion; and service-specific implementation before destructive changes.,Records or compliance owner,SaaS administrator,Inspect approved schedules and effective workload policies; account for holds and licensing.,Records decision; policy scope; and preservation dependencies.,Use synthetic records to test retention/retrieval and an approved disposal scenario; verify held data follows the intended rule.,Retrieval/disposal test with exclusions and reviewer sign-off.,GOVERN,PROTECT,At records or service changes; before offboarding/deletion; suggested scheduled owner review.,Pause potentially destructive changes; preserve required records; reconcile settings to the authorized decision.,Set durations from applicable requirements with counsel/compliance; no universal period is prescribed here.,https://www.cisecurity.org/controls/data-protection,../../documentation/policies/data-classification-and-handling.md,2026-09-17
VCIT-019,Vendor review follows the access and dependency,Vendor management,Vendor assurance addresses what the firm will actually entrust to the service.,A security report is accepted without checking its scope against a sensitive integration.,Vendor intake records data; access; criticality; provider responsibilities; incident contacts; assurance scope; and unresolved conditions.,Vendor business owner,Procurement with IT/security reviewer,Inspect the planned use against assurance coverage; contract/service boundaries; and onboarding conditions.,Scoped vendor assessment and documented open questions.,Trace one synthetic onboarding condition into the configured service and verify the promised customer-side control works.,Condition-to-implementation trace and test result.,GOVERN,IDENTIFY,Before onboarding; on material service or assurance changes; at risk-based renewal review.,Limit the affected use; obtain missing assurance or a treatment decision; do not infer coverage from a report logo.,Define criticality; permitted data; subcontractors; response expectations; and approval authority.,https://www.cisecurity.org/controls/service-provider-management,../../documentation/procedures/software-request-and-approval.md,2026-09-17
VCIT-020,Provider access ends when its purpose ends,Vendor access,A support relationship does not leave unexplained standing administrative access.,An MSP technician account remains active after a contract or role changes.,Provider access is attributable; limited to the approved task; reviewed; monitored; and revoked at the end of service.,IT service owner,Identity and application administrators,Inspect provider identities; delegated administration; shared credentials; and expiry/review triggers.,Provider access register and effective grant record.,Use a synthetic provider identity to demonstrate permitted support; denied extra scope; and verified removal.,Support-path and access-removal results.,GOVERN,PROTECT,At provider staff/contract changes; suggested quarterly privileged-provider review.,Remove unexplained access; investigate recent use where warranted; fix the provider-to-identity notification path.,Agree temporary versus standing access; monitored sessions; and emergency support conditions.,https://www.cisecurity.org/controls/service-provider-management,../../documentation/policies/identity-and-access.md,2026-09-17
VCIT-021,Concentration and exit assumptions are testable,Vendor dependency,A provider outage or exit does not reveal that the firm cannot reach or export its own work.,Identity; documentation; backup administration; and support contacts depend on the same unavailable service.,Critical vendors have documented dependencies; realistic alternate access; export/recovery options; and an accountable exit decision.,Business continuity owner,Service owner,Inspect dependency concentration and contract/product limits relevant to export and recovery.,Dependency map; exit assumptions; and approved continuity requirements.,Rehearse a selected provider-unavailable scenario using synthetic data; open an export with permissions/context intact where supported.,Exercise result; export usability findings; and unmet assumptions.,IDENTIFY,RECOVER,At vendor selection or major dependency change; suggested annual exercise for critical dependencies.,Reduce unsupported assumptions; preserve usable exports where approved; decide an alternate or accepted exposure.,Define tolerable interruption; export format; deletion proof; and costs/constraints.,https://www.cisecurity.org/controls/service-provider-management,../../documentation/continuity/business-continuity-plan.md,2026-09-17
VCIT-022,Email identity and sender paths are validated,Email security,Impersonation defenses and legitimate firm communications can coexist.,A new investor-notice sender bypasses the domain-authentication design or breaks under enforcement.,Sending domains and services have reviewed SPF; DKIM; DMARC; and filtering/forwarding behavior with owned exceptions.,Messaging service owner,Messaging and DNS administrators,Inspect sender inventory; actual DNS/authentication settings; and routing exceptions.,Domain/sender map; configuration evidence; and change approval.,Verify received headers for representative legitimate senders; use approved synthetic cases to check suspicious-message handling.,Header and delivery results with unresolved sender classes.,PROTECT,DETECT,At sender; domain; gateway; or routing changes; suggested periodic authentication review.,Remediate unauthorized or broken senders; investigate suspicious routing; stage changes with a rollback plan.,Define approved sender classes; report handling; recipient tests; and enforcement transition.,https://www.cisecurity.org/controls/email-and-web-browser-protections,../../baselines/README.md,2026-09-17
VCIT-023,Payment changes use an independent verification path,Finance fraud,A convincing message alone cannot redirect a payment.,A compromised supplier or executive mailbox sends revised wire instructions during a deadline.,Payment-detail changes and unusual requests are verified through a previously established independent contact path before authorization.,Finance controller,Authorized payment preparer and verifier,Inspect the documented callback/contact source and evidence requirement for change verification.,Payment-change procedure and trusted-contact maintenance record.,Run a synthetic urgent change request; verify the operator uses the established channel rather than supplied contact details.,Exercise decision and verification evidence; no actual payment.,PROTECT,DETECT,At each relevant payment change/request; when contact details change; suggested periodic scenario exercise.,Hold the questionable transaction; verify independently; escalate suspected compromise through the response process.,Define covered payments; trusted contact maintenance; exceptions; and bank escalation roles.,https://www.fbi.gov/how-we-can-help-you/common-frauds-and-scams/business-email-compromise,../../documentation/cyber-risk/incident-response-record.md,2026-09-17
VCIT-024,Payment authority separates preparation from release,Finance fraud,One compromised operator or unverified override cannot complete the whole sensitive payment path.,The same identity can change a payee; prepare a transfer; and approve its release.,The finance owner defines independent review/release roles and exception handling suited to the payment platform and business risk.,Finance controller,Payment platform owner,Inspect actual role combinations; delegated authority; and override capability against the approved design.,Authority matrix and platform-role review.,Walk a synthetic payee change and payment through preparation; verification; independent approval; and denial of self-approval.,Workflow evidence and override findings; no bank transaction.,PROTECT,GOVERN,At role/platform changes; suggested quarterly authority review.,Restrict conflicting authority where approved; establish an independent check; inspect unexplained overrides.,This is a proposed operational design; tailor separation and platform capabilities with finance.,https://www.fbi.gov/how-we-can-help-you/common-frauds-and-scams/business-email-compromise,../../documentation/policies/identity-and-access.md,2026-09-17
VCIT-025,Staff can report and route a suspicious request,People and detection,A credible-looking request reaches the right responder before someone acts on it.,An employee spots a payment or AI-generated impersonation attempt but cannot find the reporting route.,Staff and provider-facing teams know a simple reporting path and receive role-relevant practice with nonpunitive feedback.,Security awareness owner,People operations and response team,Inspect reporting routes; role-specific scenarios; onboarding; and responder coverage.,Training plan and reporting instructions.,Run an authorized synthetic scenario; observe reporting; acknowledgment; and the handoff to finance/security where needed.,Scenario timeline and improvement actions; no employee ranking claim.,DETECT,RESPOND,At onboarding and threat/workflow changes; suggested periodic role-based practice.,Repair the route; coach the misunderstood decision; address missing response ownership.,Define testing boundaries; privacy; accessibility; and learning goals.,https://www.cisecurity.org/controls/security-awareness-and-skills-training,../../documentation/cyber-risk/incident-response-record.md,2026-09-17
VCIT-026,Investigation logs exist when needed,Logging,The firm can reconstruct a relevant event without assuming an unavailable log exists.,An investigation discovers the relevant sign-in log expired or the SaaS event was never collected.,Critical event sources have documented scope; lag; retention; access controls; collection health; and retrievable evidence.,Security operations owner,Logging/platform operator,Inspect a source-by-source log matrix; effective collection; edition limits; and archive design.,Coverage and retention matrix with collection-health evidence.,Create an approved benign event and retrieve it with actor; action; time; and target; test the agreed historical window.,Event-to-record trace and missing-field/source findings.,DETECT,RESPOND,Suggested monthly coverage/health review; at service; schema; license; or retention changes.,Restore collection; record the blind period and investigation limits; adjust retention or sources through review.,Agree investigation needs; access; privacy; storage; clocks; and affordable retention.,https://www.cisa.gov/audiences/small-and-medium-businesses/secure-your-business/use-logging-on-business-systems,../../baselines/README.md,2026-09-17
VCIT-027,Incident decisions are rehearsed,Incident response,A suspected compromise receives coherent decisions and timely business coordination.,A mailbox compromise raises simultaneous questions about access containment; payments; records; and external communication.,The response plan defines incident authority; contacts; evidence handling; business impact assessment; communications; and recovery handoff.,Incident commander or designated executive,Security/IT response lead,Inspect the current plan and alternate contact paths with relevant providers and business functions.,Response plan; role acceptance; and contact validation.,Tabletop a scoped mailbox-compromise scenario with the usual lead unavailable; record decisions and unresolved dependencies.,Exercise timeline; action ownership; and follow-up closure.,RESPOND,GOVERN,After incidents or team/provider changes; suggested periodic tabletop based on scenario risk.,Assign missing authority; update stale routes; track unresolved decisions before calling readiness complete.,Counsel/compliance determine applicable notifications; do not invent a universal deadline.,https://csrc.nist.gov/pubs/sp/800/61/r3/final,../../documentation/cyber-risk/incident-response-record.md,2026-09-17
VCIT-028,Containment and evidence preservation work together,Incident response,Authorized containment can proceed without losing the facts needed for the next decision.,An operator deletes an account or log before the response team understands the compromise.,Response actions have authority; scope; evidence-preservation steps; decision timestamps; and a recovery/rollback consideration.,Incident response lead,Authorized platform responder,Inspect containment runbooks and approved evidence destinations/access.,Runbook; authority record; and evidence-handling checklist.,Use a synthetic case to preserve relevant records; perform an approved simulated containment; and hand evidence to the investigator.,Action/evidence chain and verification that the intended boundary was contained.,RESPOND,DETECT,At runbook/tool changes; after incidents; during relevant exercises.,Stop unsupported destructive actions; preserve available evidence; correct the authority or tool gap.,Define collection scope; custody; secure storage; responder privileges; and rollback constraints.,https://csrc.nist.gov/pubs/sp/800/61/r3/final,../../documentation/cyber-risk/incident-response-record.md,2026-09-17
VCIT-029,Recovery coverage is protected and owned,Backup and recovery,A backup design covers the assets that the business actually needs to restore.,A successful job excludes a critical shared workspace or depends on the compromised primary admin.,Critical workloads map to an approved recovery method; protected scope; restore access; recovery objectives; and monitored failures.,Recovery service owner,Backup or platform operator,Compare business workload inventory to protected units; retention; administrative isolation; and failure routing.,Coverage matrix; recovery design; and job/alert configuration.,Trace a selected completed backup to a retrievable recovery point and an acknowledged synthetic failure alert.,Recovery-point lookup and failed-job routing result.,RECOVER,PROTECT,At workload/provider changes; review failures as they occur; suggested periodic coverage reconciliation.,Protect missed workloads or obtain an explicit treatment decision; repair failed jobs and unmonitored alerts.,Define acceptable data loss; recovery time; credential separation; and service-specific limitations.,https://www.cisecurity.org/controls/data-recovery,../../documentation/continuity/disaster-recovery-playbook.md,2026-09-17
VCIT-030,A restore proves business usability and access,Recovery validation,Recovered information supports the intended work without creating a new disclosure.,Files reappear but only administrators can open them or outside collaborators regain unintended access.,A bounded restore checks content; version/context; ownership; allowed/denied access; and business acceptance against agreed objectives.,Business service owner,Recovery operator with independent verifier,Inspect the approved restore plan; isolated target; reference permissions; and acceptance criteria.,Restore design and expected-result record.,Restore synthetic representative data; test intended and excluded users; measure elapsed recovery and known data loss.,Restore transcript; access results; measured objectives; and business acceptance.,RECOVER,PROTECT,After recovery design changes; suggested periodic exercises for critical workloads.,Keep restoration unaccepted; correct missing data or permission drift; retest the failed condition.,Define representative data; isolated destination; authorization; and cleanup.,https://www.cisecurity.org/controls/data-recovery,../../documentation/recovery-exercise-example.md,2026-09-17
VCIT-031,Critical work has a usable outage mode,Business continuity,A technology outage does not force uncontrolled workarounds for time-sensitive operations.,Staff move confidential closing documents into personal accounts when the primary workspace fails.,Critical processes have an approved temporary operating mode; decision owner; alternate communications; data boundaries; and return-to-normal steps.,Business continuity owner,Business process owners,Inspect process priorities; dependencies; offline/alternate instructions; and access to the plan.,Continuity plan with owners and approved workarounds.,Tabletop a selected service outage; demonstrate access to instructions and a safe synthetic transaction/document workflow.,Exercise record; delay/dependency findings; and reconciliation plan.,RECOVER,GOVERN,At process/dependency changes; suggested annual scenario exercise or risk-based schedule.,Replace unusable workarounds; resolve alternate access; communicate approved limits before an outage.,Define tolerable interruption; data integrity checks; and who authorizes temporary operation.,https://www.nist.gov/publications/nist-cybersecurity-framework-csf-20,../../documentation/continuity/business-continuity-plan.md,2026-09-17
VCIT-032,AI approval names the use case and boundary,AI governance,AI adoption is a reviewable decision about data and actions.,An enterprise AI subscription is treated as blanket permission for every connector and confidential dataset.,Each AI use case has an owner; workspace; data classes; purpose; provider terms/settings review; human responsibility; and reassessment trigger.,AI use-case business owner,AI service owner and security reviewer,Inspect the use-case record against actual model; workspace; connectors; data; and action configuration.,Use-case approval and configuration/scope record.,Walk a permitted synthetic request and a prohibited data/action request; verify the intended boundary and human escalation.,Scenario results and unresolved boundary questions.,GOVERN,PROTECT,Before use; after model; connector; terms; data; or action-scope changes.,Limit or pause the unreviewed capability; resolve the data/action decision before production use.,Define allowed data; external processing; record retention; human review; and business consequences.,https://www.nist.gov/publications/artificial-intelligence-risk-management-framework-generative-artificial-intelligence,../ai/ai-use-case-review.md,2026-09-17
VCIT-033,AI retrieval respects the source audience,AI access,An assistant cannot reveal material the requesting user is not authorized to see.,A shared connector indexes a restricted deal folder and returns its content to a broader audience.,Retrieval and indexing use approved identity; scope; permission propagation; deletion; and revocation behavior across the data lifecycle.,Data owner with AI service owner,Connector or retrieval operator,Inspect connector grants; index boundaries; source ACL handling; caches; and deprovisioning behavior.,Access architecture and effective connector/data-scope record.,Use distinct synthetic allowed/denied users and documents; test retrieval before and after permission removal including cached/indexed content.,Retrieval and revocation results with propagation limits.,PROTECT,DETECT,At connector/index/access changes; suggested recurring permission-boundary exercise.,Disable the exposed retrieval path; remove unauthorized indexed copies where supported; investigate disclosure; retest.,Define identity propagation; index tenancy; refresh lag; approved destinations; and deletion expectations.,https://www.nist.gov/publications/artificial-intelligence-risk-management-framework-generative-artificial-intelligence,../ai/agent-and-mcp-controls.md,2026-09-17
VCIT-034,AI actions require bounded authority,AI actions,An assistant cannot convert retrieved text or an ambiguous request into an unauthorized external action.,A document instructs an agent to email records or alter access beyond the approved workflow.,Tools enforce allowed resources/actions; consequential changes have defined approval; inputs are validated; and credentials stay outside model-visible content.,AI workflow business owner,Agent or integration operator,Inspect tool permissions; action policy; approval checks; destinations; and failure handling.,Action boundary design and enforced tool configuration.,Run synthetic approved; denied; replayed; and malicious-instruction cases against stub tools; verify unapproved actions do not execute.,Tool-call traces; denied-action evidence; and approval-boundary results.,PROTECT,GOVERN,Before enabling action; after tool; permission; prompt; or destination changes.,Stop the affected tool path; reduce authority; repair approval/validation; retest using stubs.,Define permitted actions; review authority; transaction limits where relevant; and safe retries.,https://www.nist.gov/publications/artificial-intelligence-risk-management-framework-generative-artificial-intelligence,../ai/agent-and-mcp-controls.md,2026-09-17
VCIT-035,AI evaluation tests failure as well as usefulness,AI assurance,The owner knows how an AI workflow behaves when evidence is wrong; missing; or hostile.,A polished summary invents a material claim or follows instructions hidden in retrieved content.,The use case has representative evaluation cases for factual support; abstention; data boundaries; prompt injection; and consequential output review.,AI use-case owner,Evaluation reviewer independent of implementation where practical,Inspect the evaluation set; expected outcomes; version record; and acceptance rationale.,Versioned test cases and business-defined acceptance criteria.,Run synthetic normal; ambiguous; missing-source; conflicting-source; and hostile-content cases; trace important claims to actual sources.,Case-level results; observed failures; reviewer decision; and known limits.,DETECT,IDENTIFY,Before rollout; after material model/tool/prompt changes; at observed failure patterns.,Restrict the unreliable use; require additional review or fallback; fix and rerun relevant cases without hiding failures.,Define harmful failure classes and acceptable residual uncertainty; no universal pass percentage is assumed.,https://www.nist.gov/publications/artificial-intelligence-risk-management-framework-generative-artificial-intelligence,../ai/ai-use-case-review.md,2026-09-17
VCIT-036,AI can be stopped and resumed deliberately,AI operations,A harmful action or disclosure can be contained without losing the evidence needed to improve the workflow.,An agent continues retries after an unexpected permission or data-boundary failure.,Operators can stop execution; revoke access; preserve scoped traces; notify the accountable owner; and require reviewed revalidation before resuming.,AI service owner,Authorized workflow operator,Inspect stop controls; credentials; retries; logs; incident route; and restart authority.,Operational handover and tested stop/revocation design.,Use a synthetic failure to stop a stubbed workflow; verify queued/retried actions cease; preserve traces; rehearse approved restart.,Stop/retry behavior; evidence record; and restart decision.,RESPOND,RECOVER,Before handover; after runtime/tool/retry changes; during incident exercises.,Disable the unsafe path; revoke affected access; assess impact; resolve cause and retest before restart.,Define execution/queue ownership; trace minimization; budget limits; and manual fallback.,https://www.nist.gov/publications/artificial-intelligence-risk-management-framework-generative-artificial-intelligence,../ai/agent-and-mcp-controls.md,2026-09-17
