"id","name","publisher","url","category","audience","access_model","free_scope","access_notes","starter_task","reviewed_on","source_titles","source_urls","source_dates","source_support"
"adobe-learn","Adobe Learn","Adobe","https://www.adobe.com/learn","Workplace and business tools","Communications staff; Marketing staff; Document owners","public","Free Adobe tutorials and courses spanning design, photography, video, and document work.","Adobe Learn publicly advertises free learning. Sign-in supports a saved learning journey; paid Adobe applications or premium features are not supplied by the tutorials. A software trial is not counted as free training entitlement.","Using a fictional PDF, write a redaction verification checklist that checks visible content, search results, and copied text. Practice only in an authorized app with the required features, or review the steps on paper.","2026-09-19","Adobe Learn","https://www.adobe.com/learn","unknown","Explicitly offers thousands of free tutorials and courses and includes PDF redaction, protection, and editing topics."
"airtable-academy","Airtable Academy","Airtable","https://academy.airtable.com/","Workplace and business tools","Operations staff; App builders; Workspace administrators","free-account","Free self-paced training and certification access for Airtable users on Free, Team, Business, and Enterprise Scale plans.","The official announcement explicitly removes plan-based Academy restrictions. The academy front door returned 403 to the research tool; enrollment and playback were not tested. Learning access does not remove limits on automations, integrations, or other product features.","Design a fictional software inventory with separate application, owner, and renewal records. Explain the record relationships and demonstrate how an unknown renewal date stays unknown rather than becoming zero.","2026-09-19","Airtable Academy: Now Open for All Customers, No Matter Your Plan!","https://community.airtable.com/announcements-6/airtable-academy-now-open-for-all-customers-no-matter-your-plan-1564","2024-10-08","Official employee announcement says Academy is free for all plans, including Free, and covers courses and certification."
"atlassian-learning","Atlassian Learning","Atlassian","https://community.atlassian.com/learning","Workplace and business tools","Project teams; Service desk staff; Knowledge managers; Workspace administrators","public","Free courses and learning paths across Jira, Confluence, Jira Service Management, Trello, Loom, and other Atlassian tools.","The former Atlassian University address redirects to this destination. The public hub identifies free courses; sign-in may be requested for enrollment or progress. Do not assume live team training or formal certification exams are included. Product access remains separate.","Map a fictional support issue from intake to resolution, then draft a short linked knowledge article that records the cause, fix, owner, and review date.","2026-09-19","Atlassian Learning","https://community.atlassian.com/learning","unknown","Public learning hub explicitly offers free courses and product learning paths."
"box-university","Box University","Box","https://training.box.com/catalog","Workplace and business tools","Employees; Content owners; Collaboration administrators","free-account","Free self-paced admin and Intelligent Content Management learning with the associated certification exam described in Box's FAQ.","The certification FAQ permits a free Box University account or a Box product account. Its associated self-paced courses and exam are free. This does not include every instructor-led offering or paid product features used for practice.","For a fictional policy folder, outline document ownership, review approval, version handling, and access rules. Identify how evidence of approval differs from someone merely opening the document.","2026-09-19","Get certified for free as an Intelligent Content Expert | Box user support | Box Certified Admin FAQs","https://community.box.com/general-15/get-certified-for-free-as-an-intelligent-content-expert-now-live-31714?sort=mostRecentFirst | https://www.box.com/en-in/resources/user-support | https://support.box.com/hc/en-us/articles/42153466746771-Box-Certified-Admin-FAQs","2025-06-23 | unknown | unknown","Official Box announcement describes the Intelligent Content Management program and its certification exam as free. | Directs users to log into Box University with their Box account and links training resources. | Permits a free Box University account as an alternative to a product account; states associated self-paced courses and exam are free."
"canva-design-school","Canva Design School","Canva","https://www.canva.com/design-school/","Workplace and business tools","Communications staff; Marketing staff; Team leads","public","Public tutorials, guides, and course discovery, including the explicitly free Canva AI certification course highlighted on the site.","The free scope is selected learning identified by Design School, not every Canva asset or product feature. Course progress and certification may require an account; enrollment and playback were not tested. Pro features and content licenses remain separate.","Create a brief for a fictional internal announcement: audience, essential message, accessible text hierarchy, and one call to action. Review the draft for readable contrast and unsupported AI-generated claims.","2026-09-19","Canva Design School","https://www.canva.com/design-school/","unknown","Public learning destination offers design and communication tutorials and identifies a free Canva AI certification course."
"clickup-university","ClickUp University","ClickUp","https://university.clickup.com/","Workplace and business tools","Employees; Project coordinators; Workspace administrators","free-account","Free courses, certifications, and tutorials covering ClickUp use and configuration.","ClickUp's current FAQ describes University courses as free. Official help says courses and certificates are available to all ClickUp users and use SSO through a ClickUp workspace. Paid product or expanded AI capabilities are separate; enrollment was not performed.","Define a fictional team's task statuses and write a short operating rule for ownership, due dates, blocked work, and completion evidence. Identify one automation that would require separate approval before activation.","2026-09-19","ClickUp FAQs | Intro to ClickUp University","https://clickup.com/faqs | https://help.clickup.com/hc/en-us/articles/9865266661655-Intro-to-ClickUp-University","unknown | unknown","Explicitly describes free University courses, certifications, and detailed tutorials. | Says courses, use cases, training, and certificates are available to all users and explains workspace SSO."
"docusign-university","Docusign University","Docusign","https://dsucustomers.docusign.com/","Workplace and business tools","Operations staff; Agreement coordinators; Contract administrators","customer-included","Selected free IAM courses and videos, plus complimentary eSignature webinars identified in official Docusign learning guidance.","This entry targets existing Docusign customers. The customer learning portal blocked automated access, so enrollment was not tested. Campus Pass instructor-led deep dives are a separate subscription. Free community registration is not treated as proof of learning-portal or product entitlement.","Draw a fictional agreement workflow with a preparer, reviewer, signer, and final record owner. Identify the approval needed before sending and the evidence required before declaring the agreement complete.","2026-09-19","Begin your IAM Journey with Docusign University | Quick Start eSignature User Learning Roadmap","https://community.docusign.com/tips-from-docusign-155/begin-your-iam-journey-with-docusign-university-24389 | https://community.docusign.com/tips-from-docusign-155/quick-start-esignature-user-learning-roadmap-22880","2025-06-09 | unknown","Official employee post identifies free IAM webinars, self-paced courses, and video playlists. | Separates complimentary webinars from Campus Pass subscription deep dives and links learning paths."
"dropbox-learn","Dropbox Learn","Dropbox","https://learn.dropbox.com/","Workplace and business tools","Employees; Team leads; Collaboration administrators","public","Public self-guided learning and short videos, with fundamentals and business user or administrator learning paths.","The fundamentals course is publicly listed for Basic, Plus, Family, and Professional accounts; business training requires corresponding product access to practice. Course launch and playback were not tested. The site's displayed zero-minute duration is not treated as reliable timing data.","Plan a fictional team's shared folder and external-review process. Explain ownership, intended recipient access, how to avoid conflicting copies, and how access should end.","2026-09-19","Dropbox Learn | Dropbox fundamentals course","https://learn.dropbox.com/ | https://learn.dropbox.com/self-guided-learning/dropbox-fundamentals-course","unknown | unknown","Public learning hub lists self-guided fundamentals and business learning paths plus short videos. | Public course overview covers storage, upload, download, and sharing for named personal account types."
"figma-learn","Figma Learn","Figma","https://help.figma.com/hc/en-us/categories/360002042553-Figma-design","Workplace and business tools","Designers; Product teams; Communications staff","public","Public Figma design learning, including courses, projects, video tutorials, prototyping, components, and collaboration guidance.","Reading the learning material is public. Hands-on practice requires a Figma account and the appropriate feature permissions or plan. No certification, paid product entitlement, or video playback is claimed.","Draft a two-screen fictional employee-help prototype. Add a clear next step, one error state, and a handoff note explaining what a developer should verify rather than assume.","2026-09-19","Figma design learning","https://help.figma.com/hc/en-us/categories/360002042553-Figma-design","unknown","Public learning collection links courses, projects, tutorials, and guidance on design and collaboration tasks."
"fin-academy","Fin Academy (formerly Intercom Academy)","Intercom","https://academy.fin.ai/","Workplace and business tools","Customer service staff; Support operations staff; Knowledge managers","customer-included","Academy courses for existing Intercom users, including product and support-operations learning.","Current official signup guidance requires an Intercom account and links the renamed Fin Academy. Older published Academy terms describe free learning accounts and say course quizzes do not require workspace use. This entry conservatively covers existing customers, not acquisition of an Intercom product trial or any claim that Fin usage is free.","Draft a fictional support knowledge article and define when an AI support answer must escalate to a person. Write two test questions: one clearly covered by the article and one requiring information it does not contain.","2026-09-19","Signing up for Fin Academy | Academy Terms","https://www.intercom.com/help/en/articles/4322438-signing-up-for-fin-academy | https://www.intercom.com/legal/academy-terms","2026-05-18 | 2019-10-10","Current help names academy.fin.ai and explains Intercom-account sign-in for course access. | Published terms describe free Academy accounts and distinguish course quizzes from recommended workspace practice."
"freshworks-university","Freshworks University","Freshworks","https://www.freshworks.com/university/courses/","Workplace and business tools","Customer service staff; Service desk staff; Administrators","free-account","Free university courses covering Freshdesk and Freshservice agent or administrator fundamentals and customer-service skills.","The official catalog identifies these as free courses. The Freshdesk Agent Fundamentals page requires creating a university account to take the course. Enrollment, playback, and any paid Freshworks product features were not tested; a product trial is not the learning entitlement.","Write a fictional ticket handoff with a clear issue summary, customer impact, attempted steps, next owner, and expected update. Draft a knowledge article only after separating a verified resolution from a proposed fix.","2026-09-19","Explore Free Courses | Freshworks University Online Learning | Freshdesk Agent Fundamentals","https://www.freshworks.com/university/courses/ | https://www.freshworks.com/university/courses/freshdesk-agent-fundamentals/","unknown | unknown","Official free-course catalog lists Freshdesk and Freshservice fundamentals plus customer-service learning. | Describes ticket handling and knowledge-base topics and instructs learners to create a university account to take the course."
"google-workspace-learning-center","Google Workspace Learning Center","Google","https://support.google.com/a/users","Workplace and business tools","Employees; Executive assistants; Team leads; Help desk staff","public","Public product quick starts, business tutorials, and learning organized by role and industry.","Training pages are publicly readable. Practicing Workspace features requires a suitable Google account and the relevant organizational permissions and edition; the learning center does not supply those entitlements.","Plan a fictional new hire's first week using a shared document, calendar, and Drive folder. Explain the purpose and proposed permission scope of each item before creating anything.","2026-09-19","Google Workspace Learning Center","https://support.google.com/a/users","unknown","Public learning center includes product guides, role-based learning, hybrid work, and business tutorials."
"hubspot-academy","HubSpot Academy","HubSpot","https://academy.hubspot.com/","Workplace and business tools","Marketing staff; Sales staff; Customer service staff; Operations staff","free-account","Free online courses and certifications across marketing, sales, service, and HubSpot software topics.","A free Academy account provides learning access. Some software certifications require paid Professional or Enterprise product access for mandatory practical exercises; free courses do not supply that access. Educational partner entitlements are a separate program. Enrollment and credential completion were not tested.","Draft a fictional lead-to-service handoff with agreed qualification fields, a receiving owner, and a response expectation. Review whether the proposed message makes any unsupported promises.","2026-09-19","HubSpot Academy | HubSpot certifications: practical exercise and product access requirements","https://academy.hubspot.com/ | https://academy.hubspot.com/education-partner-program/epp-certifications-professors","unknown | unknown","Official academy states its online learning is free and offers courses and certifications across business functions. | Separates certifications without paid-product practical exercises from software certifications requiring paid product capabilities; educational partner access is a distinct entitlement."
"lucid-training-labs","Lucid Training Labs","Lucid","https://training.lucid.co/","Workplace and business tools","Business analysts; Project teams; Process owners","free-account","Free self-paced Lucidchart and Lucidspark training, including fundamentals learning and badges highlighted by Lucid.","Lucid's plan table includes Training Labs on its Free plan as well as paid plans. The portal returned 403 to this tool, so registration, course playback, and badge completion were not tested. Product features and AI usage remain subject to the account's plan.","Draw a fictional onboarding process with decision points, responsible roles, and a clear end state. Ask a colleague to locate the approval and exception paths without verbal explanation.","2026-09-19","Lucid's best of 2025 | Learning Campus Hub | Lucid Plans","https://lucid.co/blog/best-of-2025 | https://lucid.co/learning-campus | https://help.lucid.co/hc/en-us/articles/360056903132-Lucid-Plans","unknown | unknown | 2026-08-14","Identifies Training Labs as free self-paced courses and links fundamentals badge courses. | Official learning hub links Training Labs, product quick starts, and supporting help resources. | Current plan comparison marks Lucid Training Labs available on Free and paid plans, separately from tailored paid training."
"make-academy","Make Academy","Make","https://academy.make.com/","Workplace and business tools","Operations staff; Automation builders; Business analysts","free-account","Free self-paced automation courses and badges with a free Academy profile.","Make says the Academy is free without subscriptions. Each course enrollment lasts six months, but learners can re-enroll at any time with progress saved; this is renewable free learning, not a paid product trial. Make operations, connected apps, and external AI services have separate usage limits and costs.","On paper, map a fictional request from intake to a validation step and a review queue. Specify what happens when a required field is missing and how a retry avoids a duplicate action.","2026-09-19","Make Academy","https://academy.make.com/","unknown","Official FAQ states the Academy is free, explains account signup, and permits re-enrollment after the six-month course access period with progress retained."
"microsoft-365-training","Microsoft 365 basics video training","Microsoft","https://support.microsoft.com/en-us/office/microsoft-365-basics-video-training-396b8d9e-e118-42d0-8a0d-87d1f2f055fb","Workplace and business tools","Employees; Team leads; Help desk staff","public","Public Microsoft 365 quick-start lessons covering creating and saving, sharing, Teams, and working from different locations.","This is Microsoft Support training, separate from Microsoft Learn. Reading the lessons does not provide Microsoft 365 software or an organizational license. Video playback and tenant exercises were not tested.","Use a fictional project document to draft a sharing plan: who edits, who only reads, where the approved copy lives, and how a departing collaborator loses access.","2026-09-19","Microsoft 365 basics video training","https://support.microsoft.com/en-us/office/microsoft-365-basics-video-training-396b8d9e-e118-42d0-8a0d-87d1f2f055fb","unknown","Public training index offers quick starts and lessons on saving, sharing, Teams, collaboration, and remote work."
"miro-getting-started","Miro getting-started tutorials","Miro","https://miro.com/how-to-use-miro/","Workplace and business tools","Workshop facilitators; Project teams; Business analysts","public","Public step-by-step board and collaboration tutorial with links to Miro's official video and learning resources.","This entry covers the public tutorial, not a verified entitlement to every Academy or partner course. A Miro account is needed to practice; the guide mentions a free plan, while advanced collaboration and AI features can have different plan limits.","Sketch a fictional retrospective board with prompts, an area for grouping ideas, and an action list. Define who will own each action and how participants can contribute asynchronously.","2026-09-19","How to use Miro","https://miro.com/how-to-use-miro/","unknown","Public guide explains account setup, board creation, collaboration, and further official learning resources; mentions a free product plan without making every feature free."
"monday-academy","monday academy","monday.com","https://monday.com/academy","Workplace and business tools","Project coordinators; Operations staff; Workspace administrators","public","Free lessons, learning paths, certifications, and training advertised in monday.com's official resource guide.","Public resource guidance establishes the free learning scope. Course enrollment, sign-in, and playback were not tested; any account requirement should be checked on the selected course. Product features used in an exercise follow the organization's monday.com plan.","Outline a fictional request board with owner, status, due date, approval, and evidence columns. Define what each status means and when a request must be escalated.","2026-09-19","What resources are available for me to use?","https://support.monday.com/hc/en-us/articles/360020068040-What-resources-are-available-for-me-to-use","2026-02-16","Describes monday academy as a learning hub with free lessons, paths, certifications, and training."
"notion-academy","Notion Academy","Notion","https://academy.notion.com/","Workplace and business tools","Employees; Knowledge managers; Workspace administrators","free-account","Free self-paced courses and the Essentials, Workflows, and Advanced learning badges described by Notion.","Sign in with a Notion account. Free badges are different from paid certification exams; the Certified Admin path includes paid exam purchase requirements, and partner certifications have partner eligibility rules. The academy front door blocked automated reading, so the official help page establishes scope.","Draft a fictional team knowledge page with an owner, review date, source links, and an intake process. Explain how a reader finds the approved procedure rather than an obsolete draft.","2026-09-19","Badges and certifications","https://www.notion.com/en-gb/help/badges-and-certifications","unknown","Distinguishes free Academy courses and badges from paid certification exams and describes account sign-in and partner restrictions."
"salesforce-trailhead","Salesforce Trailhead","Salesforce","https://trailhead.salesforce.com/","Workplace and business tools","Sales staff; Service teams; Business analysts; Administrators","free-account","Free modules, learning paths, and hands-on training in supplied Salesforce learning environments.","A Trailhead account is used for progress and hands-on learning. Do not assume instructor-led Trailhead Academy training or formal Salesforce certification exams are included. No course or assessment was completed during research.","Use a fictional customer-support scenario to explain the record fields, owner, and next action needed for a clean handoff. Follow an introductory module in its training environment rather than a live customer account.","2026-09-19","Trailhead","https://trailhead.salesforce.com/","unknown","Official portal explicitly advertises free learning and free hands-on practice in Salesforce environments."
"servicenow-university","ServiceNow University","ServiceNow","https://learning.servicenow.com/","Workplace and business tools","Service desk staff; Process owners; Administrators; Business analysts","free-account","Free on-demand learning within a mixed free and paid ServiceNow training catalog.","Creating a profile and browsing is free. Official FAQs distinguish free on-demand learning from priced instructor-led or private training; inspect each course's price before enrollment. Certification exams, lab entitlements, company benefits, and learning credits are not assumed included. No live instance work was performed.","Describe a fictional incident record with impact, urgency, assigned owner, escalation trigger, and closure evidence. Explain how it differs from a routine service request before selecting the relevant introductory lesson.","2026-09-19","Training FAQs","https://learning.servicenow.com/kb?id=kb_article_view&sysparm_article=KB0012229","unknown","Official knowledge article says profiles are free, catalog contains free and paid options, and identifies on-demand learning as free in its training comparison."
"slack-tutorials","Slack tutorials and videos","Slack","https://slack.com/help/categories/360000049063","Workplace and business tools","Employees; Team leads; Collaboration administrators","public","Public tutorials on channels, conversations, search, standups, meetings, and working with external partners, plus a video index.","The Slack 101 address redirects to this help-center training destination. Workspace access is separate; tutorials may describe features that depend on the organization's Slack plan. Playback was not tested.","Design a fictional project channel with a clear purpose, naming rule, update pattern, and escalation route. Draft one searchable status update that a teammate could understand asynchronously.","2026-09-19","Slack tutorials and videos","https://slack.com/help/categories/360000049063","unknown","Public tutorial collection covers common employee collaboration tasks and links supporting videos."
"webex-academy","Webex Academy","Cisco","https://www.webex.com/us/en/adopt/academy.html","Workplace and business tools","Meeting hosts; Collaboration administrators; IT support staff","free-account","Free Webex learning, including the administrator and Cisco video-device courses listed with unlimited access in the official administration learning page.","The listed free courses are the verified scope, not every Cisco course or certification. Enrollment is required; account login and course playback were not tested. Webex product and device access are separate.","For a fictional meeting room, list the support information needed to diagnose an audio issue and identify which checks an employee can perform versus which need an administrator.","2026-09-19","Webex administration help and learning | Webex Academy","https://help.webex.com/en-us/administration | https://www.webex.com/us/en/adopt/academy.html","unknown | unknown","Lists Collaboration Control Hub Admin Professional and Designing and Deploying Cisco Video-Enabled Devices with unlimited access and free enrollment. | Official Academy destination for Webex courses and tutorials; its title identifies free courses."
"workato-academy","Workato Academy","Workato","https://academy.ifr.workato.com/","Workplace and business tools","Operations staff; Automation builders; Integration administrators","free-account","Free self-paced enterprise automation courses and certifications, including foundations and role-oriented learning.","The official Academy page labels its learning free and marks courses as requiring login. Product workspace access, live bootcamps, and private training are not assumed included. No automation was connected to a real business system.","Map a fictional access-request automation with required inputs, a named approver, success evidence, and a failure route. Identify the point at which a human decision must precede any account change.","2026-09-19","Workato Academy: Free Enterprise Automation Courses and Certifications","https://academy.ifr.workato.com/","unknown","Official academy landing page advertises free courses and certifications and labels course access as requiring login."
"zapier-academy","Zapier Academy","Zapier","https://learn.zapier.com/","Workplace and business tools","Operations staff; Automation builders; Team leads","free-account","Free Academy learning with a Zapier account, including the verified AI Builder Path and basic-to-intermediate Zap concepts.","The AI Builder Path explicitly says it is free with a Zapier account. This does not include every paid Zapier capability, connected application, or AI-service charge. Enrollment and live automation execution were not tested.","Specify a fictional request-routing Zap with its trigger, field mapping, and expected output. Include a missing-data case and a duplicate-input case, and state how a reviewer would verify the proposed behavior before enabling it.","2026-09-19","AI Builder Path — Zapier Academy","https://learn.zapier.com/courses/c8a7d45c-ecf1-480f-ba21-d10f6fed4b39/sections/9d862b0e-9d34-4a8b-bae2-2f41ea87c0c3/blocks/d0216a4a-8bbe-4111-b1c2-195130dfe0f8","unknown","Public path description says learning is free with a Zapier account and lists foundational and intermediate automation topics."
"zoom-learning-center","Zoom Learning Center","Zoom","https://learning.zoom.us/learn","Workplace and business tools","Employees; Meeting hosts; Collaboration administrators","free-account","Free on-demand courses and short videos for new and existing Zoom users across account types and user roles.","Zoom's official support page explicitly says learning is free regardless of account type. Enrollment and saved learning use the learning center; no login or playback was tested. Product licenses and permissions for administrator or Zoom Phone practice remain separate.","Write a meeting-host checklist for a fictional team meeting, including participant entry, screen sharing, accessibility arrangements, and a fallback if someone cannot join.","2026-09-19","Using the Zoom Learning Center","https://support.zoom.com/hc/en/article?id=zm_kb&sysparm_article=KB0060166","unknown","Describes free on-demand courses and short videos for all new and existing users, regardless of account type or role."
"1password-academy","1Password Academy","1Password","https://www.1password.academy/","Security and IT operations","employees; IT support staff; identity administrators","free-account","Free self-paced learning for 1Password administrators and end users, including business-administration learning.","Create an Academy learner account to enroll. Product features still depend on a 1Password subscription and permissions. Course enrollment or a badge is not evidence that an employee can safely administer a production account.","Create a fictional vault-and-group access matrix for an employee, help-desk analyst, and administrator; explain one request each role should escalate.","2026-09-19","Roll out 1Password with confidence: Start learning on 1Password Academy","https://1password.com/blog/1password-academy-free-learning-platform-launch","2026-02-20","The launch article identifies the Academy as a free platform for admins and end users and describes structured self-paced learning. It links the current Academy, replacing the older University name."
"apnic-academy","APNIC Academy online courses","APNIC","https://academy.apnic.net/en/online-courses","Security and IT operations","network administrators; IT support staff; security analysts","free-account","The catalog of free online courses, including cybersecurity fundamentals, IPv6, BGP, and routing-related topics.","Use an APNIC Login to enroll and retain progress. Free online study does not imply that travel, scheduled instructor-led events, Internet resources, or a production lab are provided.","Prepare an IPv6 address plan for a fictional two-office organization and document prefix allocation, ownership, and two facts that need verification before implementation.","2026-09-19","Online Courses","https://academy.apnic.net/en/online-courses","unknown","The official online course catalog labels the listed courses Free and provides enrollment/login links."
"apple-it-training","Apple Professional Training: IT courses","Apple","https://training.apple.com/it","Security and IT operations","IT support staff; Mac administrators; endpoint administrators","public","Self-paced Apple Device Support and Apple Deployment and Management course materials, with related IT-training resources.","Course viewing is separate from paid certification exams and any hardware, MDM, or service subscription used for practice. The current course pages require JavaScript; lessons were not played or completed. No limited-time exam-retake promotion is included.","Using a fictional Mac support ticket, write an intake checklist that separates the reported symptom, device and OS facts, diagnostic evidence, and escalation trigger.","2026-09-19","IT Training | Apple introduces new professional training to support growing IT workforce","https://training.apple.com/it | https://www.apple.com/newsroom/2022/05/apple-introduces-new-professional-training-to-support-growing-it-workforce/","unknown | 2022-05-18","The current catalog links device-support and deployment courses and separates course study from exam registration. | Apple explicitly states that the self-paced courses are freely available while certification exams are paid; historical prices are not carried forward here."
"attackiq-academy","AttackIQ Academy","AttackIQ","https://academy.attackiq.com/","Security and IT operations","security analysts; detection engineers; security program managers","free-account","No-cost Academy courses on threat-informed defense, ATT&CK, detection, purple teaming, and related security concepts.","Create an Academy learner account. The Academy courses are separate from the optional Champions advocacy program and from an AttackIQ product subscription. Course access does not authorize adversary emulation in a real environment.","Using a fictional threat behavior, draft a detection-coverage worksheet with expected telemetry, a validation question, a control owner, and a clearly labeled evidence gap.","2026-09-19","Build Your Cybersecurity Profile: Introducing the AttackIQ Champions Program","https://www.attackiq.com/2026/05/20/attackiq-champions-program/","2026-05-20","The article's Academy section and FAQ explicitly state that Academy courses are offered at no cost and identify the learning topics. Champions participation is a separate program."
"bitwarden-courses","Bitwarden Courses","Bitwarden","https://bitwarden.com/help/courses/","Security and IT operations","employees; IT support staff; password-manager administrators","public","Public courses organized for personal users, business users, help desks, and administrators, plus introductory Secrets Manager material.","Reading the courses does not require buying a business product. Practice involving Teams, Enterprise, or Secrets Manager features may require the relevant product plan and permissions; no business license or certification is implied.","For a fictional three-person team, draft collection membership and permissions, then explain how a reviewer would verify that an offboarded user no longer has access.","2026-09-19","Bitwarden Courses | Password Manager Business Overview","https://bitwarden.com/help/courses/ | https://bitwarden.com/help/courses/password-manager-business-overview/","unknown | unknown","The public course catalog separates business end-user, help-desk, administrator, and other learning tracks. | The course introduction publicly describes business-user and administrator topics including managing users and sharing credentials."
"check-point-jump-start","Check Point Jump Start eLearning","Check Point Software","https://www.checkpoint.com/elearning/","Security and IT operations","network administrators; security analysts; IT support staff","free-account","The free Jump Start training series identified on the official eLearning page.","The official landing page routes to learning platforms; registration and playback requirements depend on the selected platform. Free scope is Jump Start, not the entire MIND catalog, product licenses, advanced training, or certification exams. Enrollment was not attempted.","Use a fictional branch-office diagram to explain which traffic a gateway policy should allow, what should be denied, and which log would help verify the decision.","2026-09-19","Cyber Security Free eLearning","https://www.checkpoint.com/elearning/","unknown","The current official page explicitly labels Jump Start as a free training series offered through learning platforms. It does not establish that every Check Point training product is free."
"cisco-networking-academy","Cisco Networking Academy","Cisco","https://www.netacad.com/","Security and IT operations","IT support staff; network administrators; security analysts","free-account","Selected free, self-paced networking, cybersecurity, and digital-skills courses, including introductory cybersecurity and networking.","Create a learner account for enrollment and progress. This entry covers the free self-paced catalog, not every instructor-led academy offering or certification exam. Skills for All is not counted separately.","After an introductory networking lesson, draw the path from a fictional employee laptop to a business application and label three places where an outage could occur.","2026-09-19","Cisco Networking Academy","https://www.cisco.com/site/us/en/learn/training-certifications/training/netacad/index.html","unknown","Cisco explicitly describes free self-paced online courses and links the Networking Academy learning catalog."
"cloudflare-learning-center","Cloudflare Learning Center","Cloudflare","https://www.cloudflare.com/learning/","Security and IT operations","IT support staff; network administrators; business technology owners","public","Public explanatory articles on DNS, TLS, DDoS, network security, email security, and related Internet concepts.","This is an openly readable learning library, not a tracked course or certification program. Cloudflare product subscriptions and deployment access are separate from reading the articles.","Build a one-page fictional website troubleshooting map distinguishing DNS resolution, TLS negotiation, application availability, and the evidence needed at each boundary.","2026-09-19","Learning Center","https://www.cloudflare.com/learning/","unknown","The public page provides topic collections and direct articles for DNS, TLS, DDoS, network-layer, and email-security learning."
"fortinet-training-institute","Fortinet Training Institute: self-paced lessons","Fortinet","https://training.fortinet.com/","Security and IT operations","security analysts; network administrators; IT support staff","free-account","Self-paced online lessons in the Training Institute library; the registration FAQ states that these lessons are free.","Portal login and course enrollment are required. On-demand labs are excluded from free lessons and are purchased separately. Do not assume certification exams or instructor-led training are included.","Use a fictional remote-access request to explain the identity, device, network, and logging checks you would require before recommending access.","2026-09-19","How do I register for the free online self-paced training?","https://helpdesk.training.fortinet.com/support/solutions/articles/73000524102-how-do-i-register-for-the-free-online-self-paced-training-","unknown","The FAQ identifies free self-paced lessons, the login/enrollment process, and the separately purchased on-demand labs. The visible modification label did not include a year."
"hpe-networking-open-learning","HPE Networking Open Learning","HPE Networking","https://learningportal.juniper.net/juniper/user_activity_info.aspx?id=11478","Security and IT operations","network administrators; network engineers; security analysts","free-account","Free Open Learning courses on the Juniper learning portal, including foundational networking and security tracks.","Guest-user registration is available for learning access. Certification exams and any discounted exam vouchers are separate; no exam discount or limited-time offer is counted as free training. Hardware and production access are not included.","Use a fictional network outage to explain the expected packet path, identify the first diagnostic observation you would request, and distinguish a routing issue from a policy block.","2026-09-19","Get Started with Free HPE Networking Training","https://learningportal.juniper.net/juniper/user_activity_info.aspx?id=11478","unknown","The current portal explicitly offers free Open Learning and guest registration; its examination information concerns separate discounted exams, not free exams."
"internet-society-learning","Internet Society Learning","Internet Society","https://www.internetsociety.org/learning/","Security and IT operations","network administrators; IT managers; policy and governance staff","free-account","Free online courses on Internet operations, policy, security, and related foundational concepts.","Free guest registration is available; paid membership is not required. Course language, prerequisites, and bandwidth formats vary. This listing covers online learning, not a guarantee of instructor support, an external credential, or implementation access.","Create a fictional organization's Internet-dependency map, identify one resilience risk, and list the evidence needed to distinguish a local outage from an upstream provider failure.","2026-09-19","Learning Frequently Asked Questions","https://www.internetsociety.org/learning/faqs/","unknown","The FAQ states that courses are free and explains guest/member registration, course prerequisites, and available bandwidth formats."
"jamf-100","Jamf 100 Course","Jamf","https://www.jamf.com/training/100-course/","Security and IT operations","Mac administrators; IT support staff; endpoint administrators","public","The free Jamf 100 video and text lessons, knowledge checks, interactive simulations, and practice-exam preparation.","Public course materials have no listed prerequisite. The optional certification exam is a separate purchase. Free lessons do not provide a Jamf Pro tenant or Apple hardware. Viewing lessons is separate from demonstrating skill.","Using fictional device records, propose the scope of a software policy and list which evidence would distinguish membership, policy execution, and a successful installation.","2026-09-19","Jamf 100 Course","https://www.jamf.com/training/100-course/","unknown","The official course page identifies 25 free video/text lessons, quizzes, simulations, a practice exam, and no course prerequisites; the exam is a separate option."
"keeper-101","Keeper 101 videos and user guides","Keeper Security","https://www.keepersecurity.com/support.html","Security and IT operations","employees; IT support staff; password-manager administrators","public","Public Keeper 101 walkthrough videos and linked user-guide material for core password-manager tasks.","Public support and tutorial material is the verified free subset. Keeper product plans, enterprise administration, and any separate Keeper University entitlement are not included. Actual vault access is unnecessary for a fictional practice exercise.","Write a short fictional handoff explaining how a team should request access to a shared credential, identify its owner, and confirm appropriate sharing without including any real password.","2026-09-19","Keeper Support","https://www.keepersecurity.com/support.html","unknown","The public support page provides Keeper 101 video resources and user guides alongside separate support and learning offerings."
"mitre-attack-cti-training","MITRE ATT&CK for Cyber Threat Intelligence training","MITRE","https://attack.mitre.org/resources/learn-more-about-attack/training/cti/","Security and IT operations","security analysts; threat-intelligence analysts; incident responders","public","Five public video-and-exercise modules with slides, guided and unguided exercises, and answer guidance for ATT&CK-based CTI analysis.","Prior familiarity with ATT&CK is recommended. The supplied exercises use ATT&CK v8; use that version to reproduce the published answers and separately check current techniques for operational work. Video playback and accessibility settings were not tested.","Map two behaviors from a fictional incident narrative to ATT&CK techniques, retain an unmapped behavior as uncertain, and propose one defensive evidence request for each mapping.","2026-09-19","CTI Training","https://attack.mitre.org/resources/learn-more-about-attack/training/cti/","unknown","The public page links all five video/exercise modules and explains prerequisite knowledge, solo/team use, and the ATT&CK v8 limitation."
"ninjaone-academy","NinjaOne Academy","NinjaOne","https://www.ninjaone.com/ninjaone-academy/","Security and IT operations","IT support staff; endpoint administrators; managed service technicians","customer-included","Academy training is free of additional charge for NinjaOne customers.","Only NinjaOne customers are eligible. Access starts in the NinjaOne application Help menu; an account representative may need to enable the Academy link. This is not a free product subscription or a public enrollment offer.","Use three fictional endpoint alerts to draft a triage decision, an escalation owner, and the evidence needed before closing each ticket.","2026-09-19","NinjaOne Academy","https://www.ninjaone.com/ninjaone-academy/","unknown","The FAQ states that the program is free of charge, only NinjaOne customers can enroll, and access is through the application Help menu."
"okta-learning","Okta Learning: no-cost on-demand resources","Okta","https://learning.okta.com/","Security and IT operations","identity administrators; IT support staff; security analysts","free-account","The public no-cost on-demand foundational learning subset described in the official Okta Learning catalog.","A learning account is used for enrollment. The Expert Learning Pass, advanced instructor-led offerings, certification exams, and an Okta production tenant are separate. Do not interpret the whole catalog as free.","Draft a fictional SSO support handoff that distinguishes an authentication failure, an application-assignment issue, and an authorization failure, with one evidence request for each.","2026-09-19","Okta Learning Catalog","https://www.okta.com/sites/default/files/2023-01/Education-Services-Catalog-2022.pdf","unknown","The retrieved PDF identifies itself as the 2025 catalog despite its older URL. It describes public no-cost on-demand resources separately from the paid Expert Learning Pass; no exact publication date was stated."
"owasp-webgoat","OWASP WebGoat","OWASP Foundation","https://owasp.org/projects/webgoat","Security and IT operations","application developers; application security engineers; security analysts","public","Open-source interactive web-application security lessons in a deliberately vulnerable teaching application.","Learners supply an isolated local environment and required runtime or container tooling. This is downloadable learning software, not a managed LMS or a production-safe application. Keep it isolated and follow the project setup warnings.","In a local isolated WebGoat lesson, record an input-validation weakness, explain why it works, and describe a defensive change; do not test a real service.","2026-09-19","OWASP WebGoat","https://owasp.org/projects/webgoat","unknown","The project provides free open resources, interactive lessons, installation links, and explicit warnings about running its deliberately vulnerable application."
"palo-alto-learning-center","Palo Alto Networks Learning Center: digital learning","Palo Alto Networks","https://learn.paloaltonetworks.com/","Security and IT operations","security analysts; network administrators; cloud administrators","free-account","The free digital-learning module library described by Education Services, covering Palo Alto Networks security topics and products.","Use the Learning Center enrollment/account route. Free digital modules do not imply a product subscription, instructor-led training, hands-on lab entitlement, or certification exam. Beacon is not a separate directory entry.","After a relevant security module, draft a fictional firewall-change review with an allowed flow, a denied flow, the required evidence, and a rollback condition.","2026-09-19","Education Services, Training and Certification","https://www.paloaltonetworks.com/services/education","unknown","The Digital Learning section explicitly identifies a free module library and links the current Learning Center; instructor-led training and certification are separate offerings."
"qualys-training","Qualys Certification and Training Center","Qualys","https://www.qualys.com/training","Security and IT operations","security analysts; vulnerability-management staff; IT administrators","free-account","The official free course catalog, including self-paced training and hands-on learning for Qualys topics.","Create a training account and check the chosen course prerequisites and delivery dates. Free course/lab access is not a Qualys production subscription; scheduled sessions remain subject to availability. Do not run scans on organizational systems as an unapproved learning exercise.","After vulnerability-management foundations, rank five fictional findings using asset importance, exposure, and evidence quality; record what remains unknown before recommending remediation.","2026-09-19","Qualys Certification and Training Center","https://www.qualys.com/training","unknown","The official training page advertises free courses with hands-on labs, self-paced and scheduled delivery, and training-account creation."
"ripe-ncc-academy","RIPE NCC Academy","RIPE NCC","https://academy.ripe.net/","Security and IT operations","network administrators; network engineers; IT infrastructure staff","free-account","Free online Academy courses and associated online learning available to members and non-members.","Use a learner account for enrollment and progress. RIPE NCC in-person training benefits and member exam vouchers are separate from the public free online offering; do not assume a free certification exam.","Using a fictional routing-change proposal, identify the intended announcement, an RPKI validation question, a rollback trigger, and evidence needed from the operator.","2026-09-19","Training","https://www.ripe.net/training/","unknown","RIPE NCC explicitly states that Academy eLearning and webinars are free to members and non-members while describing member-only training and exam benefits separately."
"sailpoint-identity-university","SailPoint Identity University: introductory training","SailPoint","https://www.sailpoint.com/university","Security and IT operations","identity administrators; security analysts; IT managers","free-account","Introductory identity-security courses made available at no cost to public learners, including learners outside customer and partner organizations.","An Identity University account is required. The public free subset is introductory training; comprehensive on-demand subscriptions, advanced courses, and certification exams are not implied. Verify the selected course remains in the free subset before assigning it.","Create an access-review worksheet for a fictional employee changing departments: current access, proposed access, approver, expiry, and evidence that removal actually occurred.","2026-09-19","SailPoint opens up Identity University to the public | Identity University: training and certification","https://www.sailpoint.com/press-releases/sailpoint-opens-up-identity-university-to-the-public | https://www.sailpoint.com/university","2023-10-10 | unknown","The official announcement explicitly allows anyone to register for introductory training at no cost and separates this from the full paid subscription. | Current FAQ and Start Learning section describe a free open portfolio of foundational courses, alongside paid training offerings."
"sans-security-resources","SANS free security resources and webcasts","SANS Institute","https://www.sans.org/security-resources","Security and IT operations","security analysts; incident responders; IT managers","free-account","Free community resources such as webcasts, summit presentations, operational cheat sheets, and selected training tools.","Some resources are public and others require a free community membership or event registration. This is not free access to the full SANS course catalog, GIAC exams, or an awareness-training subscription. Time-limited trials are excluded.","After a relevant incident-response webcast or guide, write a fictional first-20-minutes triage checklist with an evidence owner, an escalation trigger, and an unresolved question.","2026-09-19","Cyber Security Resources","https://www.sans.org/security-resources","unknown","The current official resource hub advertises free community membership, webinars, presentations, and practical security resources; the former /free route redirects here."
"ncsc-top-tips-for-staff","Top Tips for Staff","UK National Cyber Security Centre","https://www.ncsc.gov.uk/information/top-tips-for-staff","Security and IT operations","employees; people managers; security awareness coordinators","public","Free staff-awareness eLearning with a quiz and downloadable SCORM packages for organizational delivery.","The public online course requires no login. The publisher offers SCORM packages for an organization's own LMS; LMS hosting and local reporting remain the organization's responsibility. Content uses UK guidance and examples and should be adapted to local reporting procedures.","Have a learner classify a fictional suspicious message, explain the warning signs, and identify the organization's intended reporting route without sending any message.","2026-09-19","Top Tips for Staff","https://www.ncsc.gov.uk/information/top-tips-for-staff","2025-05-19","NCSC explicitly describes free training for organizations of any size or sector, no-login online access, and downloadable SCORM versions."
"portswigger-web-security-academy","Web Security Academy","PortSwigger","https://portswigger.net/web-security","Security and IT operations","application developers; security analysts; application security engineers","free-account","Free web-security learning content and interactive practice labs, with learner progress tracking.","Create a free account for lab access and tracking. Some exercises use Burp Suite; the free Community Edition is available, while paid professional products and separate certification are outside this listing. Practice only in the supplied authorized labs.","Complete one provided access-control lab, then write the observed failure, the minimum corrective control, and a retest plan using only the lab scenario.","2026-09-19","Web Security Academy","https://portswigger.net/web-security","unknown","The Academy states that its learning content and labs are free, explains account-based progress, and distinguishes its own learning environment from other products."
"alteryx-academy","Alteryx Academy — free learning pathways","Alteryx","https://academy.alteryx.com/","Cloud, development and data","Data analysts; Finance operations staff; Business analysts","free-account","Free learning pathways and the entry-level Alteryx Essentials certificate.","A free MyAlteryx account provides Academy access. Premium hands-on courses and learning bundles are paid or included only for entitled customers; software licensing remains separate. Essentials is a completion certificate, not the full professional certification.","Using a fictional vendor list, outline a workflow to standardize names, identify duplicates and preserve uncertain matches for review.","2026-09-19","Alteryx instructor-led training FAQ | Discover the New Alteryx Academy","https://community.alteryx.com/discussion/960613/instructor-led-training-faq | https://community.alteryx.com/discussion/1428835/discover-the-new-alteryx-academy","unknown | unknown","Identifies Academy's free learning pathways alongside instructor-led training. | Explains free MyAlteryx registration, free Essentials, and premium paid/customer-entitled learning."
"aws-educate","AWS Educate","Amazon Web Services","https://aws.amazon.com/education/awseducate/","Cloud, development and data","Cloud beginners; Service desk staff; Career changers","free-account","Beginner cloud courses, included hands-on labs and digital badges.","Open to individuals regardless of education or career stage; registration accepts learners aged 13+ with an email address and no credit card. The learning labs are distinct from operating a production AWS account.","Use the cost-estimation lab to explain which resources a fictional departmental service would consume.","2026-09-19","AWS Educate","https://aws.amazon.com/education/awseducate/","unknown","Explicitly free courses and hands-on labs, open enrollment, email registration and no credit-card requirement."
"aws-skill-builder","AWS Skill Builder — free digital training","Amazon Web Services","https://aws.amazon.com/training/digital/","Cloud, development and data","Cloud administrators; Developers; Technology leaders","free-account","Free self-paced digital courses and selected learning resources.","Use the free learner account and select free content. The full immersive lab and exam-preparation suite requires an Individual or Team subscription; Digital Classrooms require annual Individual or Team access. AWS service accounts and certification exams are separate.","Use foundational cloud training to draw a fictional application's responsibility split between the organization and AWS.","2026-09-19","AWS Skill Builder","https://aws.amazon.com/training/digital/","unknown","Separates free self-paced courses from paid subscriptions, immersive experiences and Digital Classrooms."
"cognitive-class","Cognitive Class","Cognitive Class","https://cognitiveclass.ai/","Cloud, development and data","Data analysts; Developers; Technical beginners","free-account","Courses, guided projects and learning paths in data science and emerging technologies.","Registration and email activation are required for the learning account. The FAQ says courses and guided projects are free. Excludes the separate IBM Bob 30-day trial advertised on the site.","Complete a data analysis exercise with synthetic records, then explain one missing-data limitation in the result.","2026-09-19","Cognitive Class FAQ | Cognitive Class learning catalog","https://cognitiveclass.ai/faq | https://cognitiveclass.ai/","unknown | unknown","Confirms courses and guided projects are free and explains registration/email activation. | Describes courses, paths and interactive projects; separately advertises a time-limited product trial."
"confluent-developer","Confluent Developer courses","Confluent","https://developer.confluent.io/courses/","Cloud, development and data","Data engineers; Developers; Platform engineers","public","Public Kafka and Flink video lessons, transcripts and course instructions.","Lessons can be read without enrollment. Some hands-on steps use Confluent Cloud and advertise limited promotional credits; those credits and production services are not an unlimited free lab entitlement. Certification and commercial training are outside this entry.","From Kafka 101, diagram fictional ticket events and explain producer, topic, consumer and duplicate-message handling.","2026-09-19","Confluent Developer courses | Apache Kafka101 introduction","https://developer.confluent.io/courses/ | https://developer.confluent.io/courses/apache-kafka/events/","unknown | unknown","Public course collection organizes Kafka/Flink learning by role and level. | Provides public lesson text/modules and separately advertises limited Confluent Cloud promotional credit."
"databricks-academy","Databricks Academy — self-paced learning","Databricks","https://www.databricks.com/learn/training/home","Cloud, development and data","Data engineers; Data analysts; Application developers","free-account","Free self-paced training and fundamentals badges; use courses marked Free.","A learner account is required for course enrollment and progress. Instructor-led courses, Academy Pro and dedicated lab access are separate offerings. Free learning does not imply unlimited product compute or a production Databricks license.","After fundamentals training, map a fictional report's ingestion, transformation, governance and serving stages and identify one acceptance check per stage.","2026-09-19","Databricks Training and Certification | Introducing Databricks Free Edition","https://www.databricks.com/learn/training/home | https://community.databricks.com/t5/announcements/introducing-databricks-free-edition/m-p/122853","unknown | 2025-06-25","Current page identifies free on-demand fundamentals and role-based training. | Official employee announcement says all self-paced Academy courses are free to all users, superseding older customer-only descriptions."
"datadog-learning-center","Datadog Learning Center","Datadog","https://learn.datadoghq.com/","Cloud, development and data","IT operations staff; Developers; Platform engineers","free-account","Free on-demand courses with interactive Datadog labs.","A Learning Center account is separate from a production Datadog account. Labs require cookies and WebSockets and can be affected by organization browser/network policies. Product subscriptions and certification are separate; do not connect production telemetry for a basic learning exercise.","In a supplied training lab, investigate a fictional service symptom and record which metric, log or trace supports the diagnosis.","2026-09-19","Datadog Academy learning options | Datadog Learning Center FAQ","https://learn.datadoghq.com/pages/sda-datadog-academy | https://learn.datadoghq.com/pages/faq","unknown | unknown","States Learning Center courses and interactive labs are free; distinguishes certification. | Explains the separate learning identity and browser/network requirements for interactive labs."
"docker-get-started","Docker Get Started","Docker","https://docs.docker.com/get-started/","Cloud, development and data","Developers; IT administrators; Platform engineers","public","Public installation guidance and tutorials on containers, images and application stacks.","Reading is free. Docker Desktop professional use requires payment in larger organizations and government; the small-business exception requires fewer than 250 employees AND under $10 million annual revenue. Docker Engine open-source terms are separate; registry or cloud services may have limits.","On an appropriately licensed local environment, containerize a fictional status page and document how to start, inspect and remove it.","2026-09-19","Get started with Docker | Docker Desktop license agreement","https://docs.docker.com/get-started/ | https://docs.docker.com/subscription-billing/desktop-license/","unknown | unknown","Public tutorial entry covers installation, containerized applications and administrator onboarding. | Specifies Desktop's free-use categories, organization-size thresholds and paid-use requirements."
"elastic-free-training","Elastic — free self-paced training","Elastic","https://www.elastic.co/training","Cloud, development and data","Search developers; IT operations staff; Security analysts","free-account","Designated no-cost expert-designed modules across search, observability, security and platform topics.","Elastic Cloud account and email verification are required for the learning portal. Choose no-cost modules; instructor-led courses, comprehensive subscriptions and paid certifications are separate. Cloud deployment costs are separate from learning access.","Use a foundational search module to describe a fictional document search test, including a missing result and an irrelevant match.","2026-09-19","Elastic Training | Elastic Training FAQ","https://www.elastic.co/training | https://www.elastic.co/training/faq","unknown | unknown","Explicitly offers self-paced modules at no cost alongside instructor-led training. | Requires Elastic Cloud identity and email verification; distinguishes paid purchases/subscriptions and lab time."
"github-skills","GitHub Skills","GitHub","https://github.com/skills","Cloud, development and data","Developers; Documentation maintainers; Technical project leads","free-account","Interactive repository-based courses with automated feedback, including branches, commits and pull requests.","A GitHub account is needed to create the exercise repository. Public course instructions are readable without enrollment; execution depends on repository and Actions policies. Paid certifications and Expert Services training are separate. The former skills.github.com landing page redirects to GitHub Learn.","Create a fictional onboarding README in an exercise repository, propose a change in a branch, and have a colleague review the pull request.","2026-09-19","Git and GitHub learning resources | Introduction to GitHub exercise","https://docs.github.com/en/get-started/start-your-journey/git-and-github-learning-resources | https://github.com/skills/introduction-to-github","unknown | unknown","Identifies GitHub Skills as free interactive courses and GitHub Learn as the unified hub. | Public official exercise teaches repositories, branches, commits and pull requests using a README."
"gitlab-university","GitLab University","GitLab","https://university.gitlab.com/","Cloud, development and data","Developers; Platform engineers; Project leads","free-account","Public self-paced courses, learning paths and selected events covering DevSecOps.","Anyone can register with an email address. Certifications and public instructor-led classes are paid. A dedicated Enterprise learning portal is included only with Signature Success; it is not required for the free public courses.","Use Git essentials to outline a merge-request review procedure for a fictional application team.","2026-09-19","GitLab University handbook","https://handbook.gitlab.com/handbook/customer-success/gitlab-university/","unknown","Public courses are free; explains email registration, paid exams/classes and customer portal entitlement."
"google-skills-cloud","Google Skills — Cloud Starter learning","Google","https://www.skills.google/subscriptions","Cloud, development and data","Cloud administrators; Developers; Data analysts","free-account","Starter access with 35 no-cost credits each month for limited hands-on labs and skill badges.","Requires a Google Account and Developer Profile. The monthly credits limit free lab use; unlimited labs are in the paid Pro plan. Excludes the advertised seven-day subscription trial and Google Cloud production credits.","Choose a lab within the monthly allowance and write a cleanup checklist for a fictional cloud workload.","2026-09-19","Google Skills subscriptions","https://www.skills.google/subscriptions","unknown","Starter is no cost with 35 monthly credits, limited labs, and account/profile requirements; Pro is paid."
"grafana-tutorials","Grafana Labs tutorials","Grafana Labs","https://grafana.com/tutorials/","Cloud, development and data","IT operations staff; Platform engineers; Developers","public","Public procedural guides, explanatory articles and tutorial videos for dashboards and observability.","Written tutorials are publicly readable. Some webinars require registration and some exercises require Grafana Cloud or another deployment; service quotas, licensing and infrastructure charges are separate from the tutorial text.","Sketch a dashboard for a fictional service with latency, errors and traffic, then specify what would make one alert actionable.","2026-09-19","Grafana tutorials","https://grafana.com/tutorials/","unknown","Provides public procedural, article and video learning types, including dashboards, alerting, metrics, logs and traces."
"hashicorp-developer","HashiCorp Developer tutorials","HashiCorp","https://developer.hashicorp.com/tutorials","Cloud, development and data","Platform engineers; Cloud administrators; Developers","public","Public Terraform, Vault and other infrastructure tutorials and learning paths.","Reading does not require a subscription. Cloud-based exercises require the named provider accounts and can create billable infrastructure; paid HCP services and certification exams are outside this free reading scope. Terraform is included here, not counted again.","Read a Terraform starter path, then review a fictional plan for unintended resource changes and list the cleanup steps before running anything.","2026-09-19","HashiCorp Developer tutorials","https://developer.hashicorp.com/tutorials","unknown","Lists step-by-step Terraform paths for AWS/Azure/Google Cloud and Vault foundations, separately linking certification."
"ibm-skillsbuild","IBM SkillsBuild for Adult Learners","IBM","https://skillsbuild.org/adult-learners","Cloud, development and data","Technology beginners; Business users; Career changers","free-account","Online career and technology learning with digital credentials in the adult-learner offering.","Sign up for the adult learner platform. The publisher labels this offering 100% free; it is not a license for IBM enterprise software or every IBM professional training program.","Take a foundational technology module and write a plain-language glossary for a fictional team's onboarding pack.","2026-09-19","IBM SkillsBuild for Adult Learners","https://skillsbuild.org/adult-learners","unknown","Adult learner offering is described as 100% free and online, with sign-up and learning catalog links."
"kubernetes-basics","Kubernetes official tutorials","Kubernetes project","https://kubernetes.io/docs/tutorials/kubernetes-basics/","Cloud, development and data","Platform engineers; Developers; IT administrators","public","Public modules for deploying, inspecting, scaling, updating and debugging applications.","No learning account is required to read the tutorials. Exercises require a practice cluster; local learning environments and hosted services have their own prerequisites and resource costs. The tutorials do not include a certification exam.","Use a disposable local cluster to deploy a fictional service, change its version and explain how you would observe a failed rollout.","2026-09-19","Learn Kubernetes Basics","https://kubernetes.io/docs/tutorials/kubernetes-basics/","unknown","Defines tutorial objectives and modules and links practice-cluster guidance."
"linux-foundation-free-courses","Linux Foundation — free courses","Linux Foundation Education","https://training.linuxfoundation.org/resources/?_sft_content_type=free-course","Cloud, development and data","IT administrators; Developers; Platform engineers","free-account","Courses explicitly listed in the free-course collection across Linux, cloud, networking and open source.","Enroll through the learning platform specified by each course. The full catalog also contains paid courses, subscriptions, exams and bundles; select the free offering rather than a paid credential bundle.","Use an introductory Linux course to create a fictional server handoff checklist covering files, processes and service ownership.","2026-09-19","Linux Foundation free resources | Linux Foundation full catalog","https://training.linuxfoundation.org/resources/?_sft_content_type=free-course | https://training.linuxfoundation.org/full-catalog/","unknown | unknown","Official resource collection identifies free courses and supported subject areas. | Catalog separates free e-learning from paid training, certifications and subscriptions."
"microsoft-learn","Microsoft Learn","Microsoft","https://learn.microsoft.com/training/","Cloud, development and data","IT administrators; Developers; Data analysts","public","Self-paced product and role learning paths, modules and knowledge checks.","Reading does not require a profile; a free profile tracks progress. The FAQ says Learn sandboxes are no longer available: Azure exercises require an Azure subscription and may incur charges. Certification exams are separate from free module completion.","Complete a cloud identity module, then explain the access boundaries of a fictional application to a colleague.","2026-09-19","Microsoft Learn frequently asked questions","https://learn.microsoft.com/en-us/training/support/faq","2025-10-27","Training is free, profile optional; the current sandbox section requires a separate Azure subscription for exercises."
"mongodb-university","MongoDB University","MongoDB","https://learn.mongodb.com/","Cloud, development and data","Developers; Database administrators; Data engineers","free-account","Self-paced skills and badges in document modeling, CRUD, aggregation and related MongoDB topics.","Sign in to enroll and record progress. Use catalog items labeled Free; instructor-led offerings are explicitly Paid and certification exams are separate. Product accounts or deployment resources are governed independently.","Model a fictional equipment inventory as documents, then explain which queries require an index and how you would validate the schema.","2026-09-19","MongoDB University","https://learn.mongodb.com/","unknown","Current catalog marks skills Free, instructor-led training Paid, and links sign-in and separate certification."
"oracle-mylearn-foundations","Oracle MyLearn — free Foundations","Oracle University","https://www.oracle.com/education/training/","Cloud, development and data","Cloud administrators; Application owners; Technology beginners","free-account","Designated Foundations training and certifications across Oracle Cloud Infrastructure, Fusion Applications and AI.","Use an Oracle account and the free Foundations collection. Broader role training, hands-on labs, live classes and exam attempts are offered through paid learning subscriptions; do not treat all MyLearn content as free.","Use an OCI Foundations module to annotate the identity, network and cost owners for a fictional deployment.","2026-09-19","Oracle Training and Certification","https://www.oracle.com/education/training/","unknown","Explicitly distinguishes free Foundations training/certifications from Oracle Unlimited Learning Subscription features."
"postman-learning-hub","Postman Learning Hub and Academy","Postman","https://www.postman.com/learn/","Cloud, development and data","Developers; Integration owners; Technical support staff","public","Free API documentation, tutorials, videos and linked on-demand learning resources.","Public reading is available without enrollment; hands-on collections and Academy tracking may require a free account. Instructor-led Academy workshops can be paid or entitlement-based: the Enterprise trial advertises a limited complimentary workshop benefit, excluded here. Product team/AI features have separate plan limits.","Use fictional API responses to design a collection that checks a success case, an authorization failure and a missing required field.","2026-09-19","Postman Learning Hub | Postman Enterprise Trial FAQ","https://www.postman.com/learn/ | https://learning.postman.com/docs/getting-started/postman-trials/enterprise-trial-faq","unknown | unknown","Describes free learning resources and links docs, Academy, videos and developer tools. | Describes trial-only complimentary Academy workshops, so instructor-led access must not be described as universally free."
"red-hat-free-courses","Red Hat — no-cost technical overviews","Red Hat","https://www.redhat.com/en/services/training-and-certification","Cloud, development and data","IT administrators; Platform engineers; IT leaders","free-account","Designated introductory video courses such as RH 024, DO 007 and DO 080.","Select courses in the Free courses section; learner registration may be required by the delivery route. Full Learning Subscription, certification and instructor-led offerings are outside this free scope. The subscription trial is not the entry. RH024 currently covers RHEL 10.","Watch the Linux overview, then document the role of users, groups and file permissions in a fictional support procedure.","2026-09-19","Red Hat Training and Certification | RH024 course description","https://www.redhat.com/en/services/training-and-certification | https://www.redhat.com/en/services/training/rh024-red-hat-linux-technical-overview","unknown | unknown","Lists the specific free technical overview courses separately from subscriptions and other training. | RH 024 is a no-cost on-demand video course based on RHEL 10 with no prerequisites."
"snowflake-university","Snowflake University — free on-demand learning","Snowflake","https://learn.snowflake.com/en/","Cloud, development and data","Data analysts; Data engineers; Database administrators","free-account","Free Level Up concept modules and on-demand courses explicitly marked Free.","Enroll through the training portal. The free learning designation does not make a personal Snowflake warehouse free indefinitely: hands-on badge courses and product usage have separate environment prerequisites. Instructor-led classes and SnowPro certification are separate.","Complete First Concepts and Resource Monitors, then draft a cost-and-access checklist for a fictional analytics workspace.","2026-09-19","Snowflake learning catalog | Level Up: First Concepts","https://learn.snowflake.com/en/ | https://learn.snowflake.com/en/courses/OD-LVLUP-101/","unknown | unknown","Separates Free OnDemand modules and badge workshops from instructor-led training and certification. | Marked Free with an enrollment link; describes architecture and related account/resource-management modules."
"splunk-free-training","Splunk free training","Splunk","https://www.splunk.com/en_us/training/free-courses/overview.html","Cloud, development and data","Security analysts; IT operations staff; Data analysts","free-account","Designated free courses on searches, fields, dashboards, architecture and platform basics.","Register for the selected course through Splunk Education. Only the free collection is included; paid courses, certification and software licensing are separate. Any course-specific lab access must be checked on its enrollment page.","Use synthetic service events to explain a search, a useful field and a dashboard measure that would help triage an outage.","2026-09-19","Splunk Free Training Courses","https://www.splunk.com/en_us/training/free-courses/overview.html","unknown","Explicit free-learning catalog with individual course registration links and topic descriptions."
"tableau-free-training","Tableau free training videos","Tableau / Salesforce","https://www.tableau.com/learn/training","Cloud, development and data","Data analysts; Business users; Reporting owners","public","Public short videos for Tableau Desktop, Cloud/Server and Prep basics.","The free video collection is separate from structured eLearning, instructor-led training and certification. Following product exercises requires an appropriate Tableau environment/license; this entry does not promise a free organizational deployment.","Watch the dashboard lessons, then use fictional ticket data to propose a dashboard with one decision, one filter and a clearly defined denominator.","2026-09-19","Tableau Free Training Videos","https://www.tableau.com/learn/training","unknown","Current free-video list covers connecting data, calculations, dashboards, Cloud/Server and Prep, with separate links to other training."
"claude-academy","Claude Academy","Anthropic","https://academy.claude.com/","AI and automation","All employees; Developers; AI champions","free-account","AI fluency, Claude use, agent and builder courses; course completion badges.","Browse without signing in; a free Claude account saves progress and enables badges. No paid plan required for Academy. Paid proctored certifications are a separate partner-only program; product or API practice can have separate costs.","Give an assistant a fictional software-request brief, then identify missing evidence before using its answer.","2026-09-19","Claude Academy — official access and learning information","https://academy.claude.com/help/faq","unknown","FAQ separates free courses and badges from paid partner certification exams and explains personal versus organization-linked accounts."
"google-ml-crash-course","Google Machine Learning Crash Course","Google","https://developers.google.com/machine-learning/crash-course","AI and automation","Analysts; Developers; Technical managers","public","Public videos, visualizations and exercises covering ML models, data, evaluation and responsible engineering.","Reading is open; exercises have their own browser, Python or notebook prerequisites. Separate cloud services are not included simply by reading the course.","Use a fictional ticket classifier to explain false positives, false negatives and the cost of a wrong classification.","2026-09-19","Google Machine Learning Crash Course — official access and learning information","https://developers.google.com/machine-learning/crash-course","unknown","Public course page lists standalone modules, videos, visualizations and hands-on exercises."
"hugging-face-learn","Hugging Face Learn","Hugging Face","https://huggingface.co/learn","AI and automation","Developers; AI engineers","public","Open courses on language models, agents, context, audio and other machine-learning topics.","Course reading is public. Some exercises, course communities and credentials need a free Hugging Face account; model/API hosting and compute have separate quotas or charges.","Read an agents or context lesson and draw the tools and permissions for a fictional read-only assistant.","2026-09-19","Hugging Face Learn — official access and learning information","https://huggingface.co/learn/context-course/unit0/introduction","unknown","Public course includes a syllabus, prerequisites, account requirement and code-agent setup choices; learning material does not supply every required tool subscription."
"n8n-learning","n8n learning documentation","n8n","https://docs.n8n.io/build-your-first-workflow","AI and automation","IT operators; Automation builders","public","Public workflow-building tutorials and concept explanations.","Reading is free. Running examples requires an n8n instance and any external services; n8n Cloud's trial is not ongoing free access. Self-hosting has infrastructure and license conditions. Academy enrollment is a separate path.","Sketch a manual-trigger workflow that classifies fictional requests and identify what evidence would show the intended result.","2026-09-19","n8n learning documentation — official learning information","https://docs.n8n.io/build-your-first-workflow","unknown","Public tutorial explains workflow triggers, credentials, data and branching; execution requires a cloud or self-hosted instance."
"nvidia-free-training","NVIDIA self-paced free courses","NVIDIA","https://www.nvidia.com/en-us/training/self-paced-courses/?section=free-courses","AI and automation","Developers; Infrastructure engineers; AI engineers","free-account","The catalog's explicitly marked Free Courses subset for AI and accelerated computing.","Choose a course marked free and verify its enrollment prerequisites. The whole catalog, certification exams, instructor-led workshops and enterprise packages are not free. Temporary event vouchers are not the basis for inclusion.","Compare CPU, GPU and hosted-API requirements for a small fictional inference task.","2026-09-19","NVIDIA self-paced free courses — official access and learning information","https://www.nvidia.com/en-us/training/self-paced-courses/?section=free-courses","unknown","Maintains a distinct Free Courses section and separate workshops, certifications and enterprise offerings."
"openai-academy","OpenAI Academy","OpenAI","https://academy.openai.com/","AI and automation","All employees; AI champions","free-account","Self-paced AI-at-work, builder and adoption courses.","A ChatGPT account saves enrollment and progress; no paid plan or organization membership is required for courses. Product features and API usage used in practice have separate access and cost conditions.","Rewrite a fictional meeting-summary prompt and explain how you would check the output.","2026-09-19","OpenAI Academy — official access and learning information","https://help.openai.com/en/articles/20001270-openai-academy-courses","unknown","States courses are free globally for anyone with a ChatGPT account, and explains enrollment and progress."
"fast-ai","Practical Deep Learning for Coders","fast.ai","https://course.fast.ai/","AI and automation","Developers; Data practitioners","public","Free recorded practical deep-learning course, lesson notes and online book.","Assumes some coding experience. The page identifies the core recording as 2022; validate package versions and current compute terms before labs. Optional hosting, GPUs and printed books are not promised free.","Train a tiny classifier on an approved public sample and explain one failure case before considering real use.","2026-09-19","Practical Deep Learning for Coders — official access and learning information","https://course.fast.ai/","unknown","States the course and online book are free, names prerequisites and dates the core course recording."
"full-stack-deep-learning","The Full Stack — open courses","The Full Stack","https://fullstackdeeplearning.com/","AI and automation","Developers; AI product teams","public","Public AI application lectures and labs, including the 2022 deep-learning course and 2023 LLM bootcamp.","Archived teaching is open; product APIs, GPU resources and hosted deployments used in labs may cost money. Recheck older tool examples before running them.","Draft an evaluation-and-monitoring plan for a fictional internal question-answering tool.","2026-09-19","The Full Stack — open courses — official access and learning information","https://fullstackdeeplearning.com/","unknown","The course site identifies its 2022/2023 materials, AI-product lifecycle coverage and free course availability."
"exercism","Exercism","Exercism","https://exercism.org/","Digital and professional foundations","Developers; IT operators","free-account","Free programming exercises, automated feedback and community mentoring.","Use a free learner account and browser editor or local tools. Mentor availability is not a support SLA; separate team offerings are not established as free here.","Solve a small parsing exercise, then explain how you would handle a missing or malformed fictional asset record.","2026-09-19","Exercism — official learning information","https://exercism.org/","unknown","Official site states free practice and mentoring and describes browser and local exercise routes."
"freecodecamp","freeCodeCamp","freeCodeCamp","https://www.freecodecamp.org/learn/","Digital and professional foundations","Developers; IT operators","free-account","Coding curriculum, exercises and project-based learning.","Public lessons are available; a free account is used to save curriculum progress. Donations are optional; employer-managed learning reporting is not established by this directory.","Build an accessible fictional help-desk request page and test the keyboard flow.","2026-09-19","freeCodeCamp — official access and learning information","https://www.freecodecamp.org/news/about/","unknown","Official FAQ describes the free coding curriculum and nonprofit learning model."
"full-stack-open","Full Stack Open","University of Helsinki","https://fullstackopen.com/en/","Digital and professional foundations","Developers","public","Free full-stack web-development course material and exercises; completion certificates under course rules.","Submission uses GitHub and the course system; assumes prior programming and Git knowledge. Academic credit has additional registration and exam requirements. Hosting costs and commercial redistribution permissions are separate.","Build a local fictional software-request service and explain how its API validates input.","2026-09-19","Full Stack Open — official learning information","https://fullstackopen.com/en/part0/general_info/","unknown","States free course and certificate, prerequisites, exercise submissions and separate academic-credit requirements."
"google-skillshop","Google Skillshop","Google","https://skillshop.withgoogle.com/","Digital and professional foundations","Marketing; Analysts","free-account","Free Google Ads and Google Analytics e-learning; foundational certifications where specified.","Use the applicable Skillshop account flow. Professional proctored certifications and advertising spend are separate; this does not promise that every Google training product is free.","Define an event and conversion for a fictional website, then explain what the metric cannot prove.","2026-09-19","Google Skillshop — official learning information | Google Analytics Academy | Professional certifications for Skillshop","https://skillshop.withgoogle.com/googleads/ | https://support.google.com/analytics/answer/15440208?hl=en | https://support.google.com/skillshop/answer/14746215?hl=en","unknown | unknown | unknown","Official program page explicitly identifies free Google Ads training. | Identifies free Analytics e-learning on Skillshop. | Distinguishes professional certification requirements from free foundational certifications."
"harvard-cs50","Harvard CS50 OpenCourseWare","Harvard University","https://cs50.harvard.edu/x/","Digital and professional foundations","Developers; IT operators","public","Free computer-science lectures, problem sets and project guidance.","Public material is open to non-Harvard learners. Submission and feedback services have account requirements; verified certificates and academic credit are separate options.","Build a small program using fictional inventory records and explain its input-validation rules.","2026-09-19","Harvard CS50 OpenCourseWare — official access and learning information","https://cs50.harvard.edu/x/","unknown","2026 course page explicitly permits free OpenCourseWare study and distinguishes submission accounts, verified certificates and academic-credit routes."
"hp-life","HP LIFE","HP Foundation","https://www.life-global.org/","Digital and professional foundations","All employees; Small-team managers","free-account","Free business, communication, digital and AI skills courses with completion certificates.","The free learning program is separate from HP hardware or business subscriptions. Enroll through the program to keep a completion record.","Create a one-page fictional service improvement proposal that states the customer problem and expected benefit.","2026-09-19","HP LIFE — official access and learning information","https://www.life-global.org/","unknown","States courses and completion certificates are free and identifies business/digital topics."
"khan-academy","Khan Academy","Khan Academy","https://www.khanacademy.org/","Digital and professional foundations","Analysts; Employees building digital confidence","free-account","Free foundational mathematics, statistics, economics and computing learning.","Public material can be browsed; an account supports learning progress. This entry covers the core free platform, not every tutoring, district or AI add-on.","Explain a percentage change and probability statement using a fictional service-performance report.","2026-09-19","Khan Academy — official access and learning information","https://www.khanacademy.org/about","unknown","Describes a free platform for anyone and identifies mathematics, economics, computing and other subject areas."
"learnfree","LearnFree","LearnFree","https://www.learnfree.org/","Digital and professional foundations","All employees","public","Free lessons in computer basics, Office and Google tools, workplace communication and numeracy.","Some product tutorials cover older versions; choose the edition your organization uses. Optional product software and internal learning reporting are separate.","Explain sharing and file-version basics using a fictional team document.","2026-09-19","LearnFree — official learning information","https://www.learnfree.org/","unknown","Free practical skills portal lists workplace, computer, Office and Google topics, including version-specific courses."
"mdn-learn","MDN Learn Web Development","MDN / Mozilla","https://developer.mozilla.org/en-US/docs/Learn_web_development","Digital and professional foundations","Developers; Web content owners","public","Public web-development modules, code examples and challenges.","The linked MDN material is public; paid partner courses or premium services are separate. Use a local editor/browser for exercises.","Audit a fictional request form for labels, keyboard operation and helpful validation errors.","2026-09-19","MDN Learn Web Development — official access and learning information","https://developer.mozilla.org/en-US/docs/Learn_web_development","2025-10-29","Public learning area provides core modules, challenges and downloadable examples; separately links partner offerings."
"mit-opencourseware","MIT OpenCourseWare","Massachusetts Institute of Technology","https://ocw.mit.edu/","Digital and professional foundations","Analysts; Developers; Managers","public","Open university course materials, including computing, statistics and management.","No enrollment or account required. OCW does not award MIT credit or certification; external books and tools may have separate costs. Follow each resource's reuse license before copying it into an internal LMS.","Choose a statistics lesson and explain why an average alone can hide service-response outliers.","2026-09-19","MIT OpenCourseWare — official access and learning information","https://ocw.mit.edu/about/","unknown","States open free materials, no registration, and no credit or certification."
"openhpi","openHPI","Hasso Plattner Institute","https://open.hpi.de/","Digital and professional foundations","IT operators; Developers; Managers","free-account","Free self-paced courses on IT, cybersecurity, AI and innovation.","Use an account for interactive courses. Check current course availability, language, prerequisites and certificate rules; older offerings can be retired.","Explain one emerging technology to a fictional management team and state a useful evaluation question.","2026-09-19","openHPI — official learning information","https://open.hpi.de/","unknown","States free IT and innovation learning, course levels and subject areas."
"openlearn","OpenLearn","The Open University","https://www.open.edu/openlearn/","Digital and professional foundations","All employees; Managers","free-account","Free courses and learning resources in digital skills, business, study skills and other subjects.","Read resources publicly; a free profile enables enrollment, progress and eligible badges or statements. These are distinct from a paid Open University qualification.","Take a work-skills lesson and produce a short teach-back explaining one improved team practice.","2026-09-19","OpenLearn — official access and learning information","https://www.open.edu/openlearn/","unknown","Lists free courses, free profile/enrollment/progress and badges or participation statements on most courses."
"saylor","Saylor University — skill development","Saylor University","https://learn.saylor.org/","Digital and professional foundations","All employees; Managers; Analysts","free-account","Free self-paced skill-development courses in business, computing and professional development.","This entry covers the learning catalog. Enrollment uses an account; credit transfer, proctoring and degree pathways have separate requirements and can involve third-party fees.","Use a business communication lesson to rewrite a fictional escalation so its requested decision and next step are clear.","2026-09-19","Saylor University — skill development — official learning information | FAQ – Saylor Direct Credit","https://learn.saylor.org/ | https://support.saylor.org/hc/en-us/articles/23597374410900-FAQ-Saylor-Direct-Credit","unknown | 2026-05-28","The official learning portal identifies free courses, self-paced access and subject areas. | Distinguishes free course and certificate learning from a separately proctored credit exam with third-party fees and institution-specific transfer acceptance."
"semrush-academy","Semrush Academy","Semrush","https://www.semrush.com/academy/","Digital and professional foundations","Marketing; Web content owners","free-account","Free digital-marketing courses and learning resources.","A Semrush account is used for enrollment. The product's trial and paid analytics features are separate from Academy course access.","Draft a keyword-and-content brief for a fictional service page and explain what evidence would change it.","2026-09-19","Semrush Academy — official learning information","https://www.semrush.com/academy/faq/","unknown","FAQ explicitly states free courses and account enrollment; the separate product trial is not the training entitlement."
"the-odin-project","The Odin Project","The Odin Project","https://www.theodinproject.com/","Digital and professional foundations","Developers; IT operators","public","Free open-source full-stack curriculum and projects.","Read without purchasing a course. Local tools and a development environment are needed for projects; optional hosted deployment services have their own terms.","Create a fictional team knowledge page, keep it in Git and document a change.","2026-09-19","The Odin Project — official access and learning information","https://www.theodinproject.com/about","unknown","Describes a free comprehensive open-source curriculum with practical projects."
"w3c-wai-tutorials","W3C WAI accessibility tutorials","W3C Web Accessibility Initiative","https://www.w3.org/WAI/tutorials/","Digital and professional foundations","Web content owners; Developers; Designers","public","Public practical tutorials for accessible images, tables, forms and page structure.","Tutorial reading is open. Applying a technique is not a complete accessibility audit or conformance claim; test with the relevant tools and users.","Review a fictional training page for text alternatives, headings and form labels; explain one remaining accessibility question.","2026-09-19","W3C WAI accessibility tutorials — official learning information","https://www.w3.org/WAI/tutorials/","2026-08-26","Official tutorials connect common web tasks to accessibility techniques and examples."
"w3schools","W3Schools tutorials","W3Schools","https://www.w3schools.com/","Digital and professional foundations","Developers; Analysts; IT operators","public","Free tutorials, references, browser examples and exercises across web, SQL and programming basics.","Tutorial access is free; certificates, PLUS features, additional hosting and organization products are separate paid offerings. An account can track progress.","Write a SQL query against fictional software requests and explain how missing values change the result.","2026-09-19","W3Schools tutorials — official access and learning information","https://www.w3schools.com/about/","unknown","Official about page labels tutorials free and separates upgrades, certification and organization services."
